{
"type": "FeatureCollection",
"name": "Communes_Zone_etude",
"crs": { "type": "name", "properties": { "name": "urn:ogc:def:crs:OGC:1.3:CRS84" } },
"features": [
{ "type": "Feature", "properties": { "INSEE_COM": "84148", "NOM": "Villes-sur-Auzon" }, "geometry": { "type": "MultiPolygon", "coordinates": [ [ [ [ 5.224937217285456, 44.079458126990417 ], [ 5.225023528614789, 44.079621144404726 ], [ 5.225191951295831, 44.079935559392702 ], [ 5.225685047868011, 44.080854740216672 ], [ 5.225716040534652, 44.080912635626213 ], [ 5.225744255624301, 44.08096338436777 ], [ 5.225762695070161, 44.080955806480304 ], [ 5.225932464432512, 44.080889328598182 ], [ 5.226241453048695, 44.080805614115761 ], [ 5.226411310921065, 44.080773348477607 ], [ 5.226561410871112, 44.080746886628837 ], [ 5.226588727357706, 44.080742729669758 ], [ 5.226685618291484, 44.080729054556315 ], [ 5.226891880596882, 44.080701450280955 ], [ 5.227227079906695, 44.080681127647708 ], [ 5.227751897780957, 44.080686659630281 ], [ 5.227980276987913, 44.080713527156412 ], [ 5.228211997994357, 44.080761935577009 ], [ 5.228486349876371, 44.080846392004965 ], [ 5.228733400949696, 44.08090349128878 ], [ 5.228967111470044, 44.080970765854339 ], [ 5.229020516844485, 44.080994889768277 ], [ 5.229170537262334, 44.081062066559184 ], [ 5.229854285338119, 44.081393896339648 ], [ 5.23023431314054, 44.08152931980301 ], [ 5.230568424533037, 44.08164046628567 ], [ 5.230858501762451, 44.081743504891357 ], [ 5.231329454496445, 44.08190408417294 ], [ 5.231560887715529, 44.081976802138307 ], [ 5.231678300256356, 44.08200862442412 ], [ 5.232088255302079, 44.082142531413311 ], [ 5.232348066054155, 44.082238079566928 ], [ 5.232534901039252, 44.082288294438136 ], [ 5.232728871898099, 44.082329359591611 ], [ 5.232787708671762, 44.082332661987806 ], [ 5.233051232349219, 44.082331790835568 ], [ 5.234665059590009, 44.082268258509131 ], [ 5.234754709975258, 44.082261026757287 ], [ 5.235165872322801, 44.082234627827859 ], [ 5.235215230397461, 44.082219214127178 ], [ 5.235257241284052, 44.082207551938993 ], [ 5.235337483404785, 44.082183404269323 ], [ 5.235374501895117, 44.082171843938227 ], [ 5.235402642399445, 44.082156863241998 ], [ 5.235468625297939, 44.082119500639884 ], [ 5.235723030887761, 44.081981949410078 ], [ 5.235955089639336, 44.081911482931773 ], [ 5.236147951734074, 44.08186072457908 ], [ 5.236350504672044, 44.081834078601545 ], [ 5.236564335939934, 44.081776588538354 ], [ 5.236658341101229, 44.081753059193019 ], [ 5.236871479233472, 44.081741502736733 ], [ 5.23706400125343, 44.081745673690861 ], [ 5.237118022216701, 44.081753574095224 ], [ 5.237180885840366, 44.081763995010647 ], [ 5.238176191521289, 44.081917433762264 ], [ 5.238503851323331, 44.081959357944974 ], [ 5.238558873024619, 44.081960934434221 ], [ 5.23911837509057, 44.082053941867613 ], [ 5.239344552218489, 44.08208803412068 ], [ 5.239487037224826, 44.082122036623893 ], [ 5.239614403758258, 44.082152746552865 ], [ 5.239864207089753, 44.082247581402846 ], [ 5.239934516269823, 44.082288461894571 ], [ 5.240021511090441, 44.082340706181533 ], [ 5.240236050640325, 44.082428157962951 ], [ 5.240439526822681, 44.082551851473866 ], [ 5.240698699443724, 44.082694213764533 ], [ 5.24090878042484, 44.082795261445483 ], [ 5.240974956997451, 44.082826321526198 ], [ 5.241236486669232, 44.082965032805419 ], [ 5.241618430422086, 44.083148099412689 ], [ 5.241766081500082, 44.083218009136509 ], [ 5.241955239515269, 44.083295172522966 ], [ 5.242227694992833, 44.083394040474715 ], [ 5.242526638255273, 44.08353108242013 ], [ 5.242803591870363, 44.083617251341437 ], [ 5.243413028469396, 44.083772242513774 ], [ 5.24385977410478, 44.083982786863253 ], [ 5.244035024415096, 44.084087243657294 ], [ 5.244196410281016, 44.084156868819726 ], [ 5.244411927329973, 44.084237089574451 ], [ 5.244491411051412, 44.084257070149164 ], [ 5.244608480631973, 44.084279881917396 ], [ 5.244815770496723, 44.084309848282125 ], [ 5.245022457151603, 44.084324519871558 ], [ 5.245310668436691, 44.084315910149165 ], [ 5.245464294773301, 44.084315461584922 ], [ 5.245844405827417, 44.0842932609904 ], [ 5.245951709322422, 44.084290160078908 ], [ 5.246120561709962, 44.084295701120972 ], [ 5.246360557424173, 44.084299782662661 ], [ 5.2466630208723, 44.084367410852266 ], [ 5.247006718233768, 44.084372064758604 ], [ 5.247046693896141, 44.084372144949207 ], [ 5.247140303583543, 44.084370224239649 ], [ 5.247364824676276, 44.084362015534872 ], [ 5.247596505943068, 44.084408583706846 ], [ 5.247942016269779, 44.084459117789493 ], [ 5.248175807695807, 44.0844642231189 ], [ 5.248113947572489, 44.084099931288733 ], [ 5.248874615738746, 44.084161748142449 ], [ 5.249275615617708, 44.084194030961363 ], [ 5.250349598472836, 44.084281816603351 ], [ 5.250952295727751, 44.084328857030783 ], [ 5.252964764601471, 44.084489164714292 ], [ 5.25373289638349, 44.084549894120435 ], [ 5.254890517636147, 44.084635914326178 ], [ 5.255847941782279, 44.084713440631383 ], [ 5.256778123679638, 44.084796922407484 ], [ 5.258363475408586, 44.084927214933174 ], [ 5.258980344226527, 44.084984724078275 ], [ 5.259364808334796, 44.085009207673039 ], [ 5.259434918383776, 44.085013163682454 ], [ 5.259833505431583, 44.085047258699021 ], [ 5.260507755697859, 44.085102674853935 ], [ 5.260610532016306, 44.085111358276109 ], [ 5.267325828882724, 44.085670352145144 ], [ 5.267455463709248, 44.085694680439353 ], [ 5.270111811813496, 44.08621050912776 ], [ 5.271365679877844, 44.08645283309405 ], [ 5.272087092575645, 44.08659363956459 ], [ 5.277346008664471, 44.087618027657491 ], [ 5.281342268196975, 44.088396551615205 ], [ 5.282501930995812, 44.088623604809889 ], [ 5.283162907091624, 44.088751192561766 ], [ 5.286573655147055, 44.088882630989993 ], [ 5.289969440412093, 44.089014276418339 ], [ 5.293176289848816, 44.089138067552099 ], [ 5.295377157051222, 44.089222524881954 ], [ 5.296049045027012, 44.089248059932366 ], [ 5.296678421694746, 44.089272681492773 ], [ 5.297545540879113, 44.089306719145405 ], [ 5.297738201876756, 44.089313482443117 ], [ 5.298341294804885, 44.089336845056344 ], [ 5.298921847656465, 44.089358876644084 ], [ 5.298921557347833, 44.089258936405962 ], [ 5.298936500498796, 44.08907223635881 ], [ 5.298975813764993, 44.088901232294241 ], [ 5.299012908974507, 44.088768092306573 ], [ 5.29901025705303, 44.088238702756129 ], [ 5.298964147569894, 44.088055985603994 ], [ 5.298800443841945, 44.087714562181432 ], [ 5.298729178649811, 44.087465742192798 ], [ 5.298720068887037, 44.087116571855681 ], [ 5.298748244657657, 44.086979117204621 ], [ 5.298802486258374, 44.086837513775329 ], [ 5.298851080696712, 44.086679821370744 ], [ 5.298848682959231, 44.086434958541602 ], [ 5.298825303088202, 44.08533063924817 ], [ 5.298837264440936, 44.085162910912523 ], [ 5.29887300037587, 44.085027098486677 ], [ 5.298883991885186, 44.084897207966385 ], [ 5.298860776595567, 44.084569944175279 ], [ 5.298819529940788, 44.084352909557332 ], [ 5.298822451290318, 44.084208781852951 ], [ 5.298778963996642, 44.083905354492011 ], [ 5.298781667355044, 44.08375582891378 ], [ 5.298845611444828, 44.08366894727336 ], [ 5.298980126645882, 44.083628306121412 ], [ 5.299084881478447, 44.083562177556935 ], [ 5.299087765993661, 44.083324407555033 ], [ 5.29914893445329, 44.083107023913101 ], [ 5.299183008349698, 44.082899213242079 ], [ 5.299224836978667, 44.082852413923625 ], [ 5.299285798568524, 44.082784503352059 ], [ 5.299477128491107, 44.08266613346153 ], [ 5.29958475260439, 44.08257833421343 ], [ 5.299683700040021, 44.082430389305678 ], [ 5.299710114079835, 44.082280365859191 ], [ 5.29976657857747, 44.082163026674642 ], [ 5.299977788614675, 44.081980308989138 ], [ 5.300109608008714, 44.081873092358357 ], [ 5.300252948603137, 44.081680094224083 ], [ 5.300408818417588, 44.08154986169297 ], [ 5.300446803272291, 44.081469827324433 ], [ 5.300442182312493, 44.081262829177838 ], [ 5.300400254410165, 44.081090830474835 ], [ 5.300271425927351, 44.080962976634183 ], [ 5.300215019981072, 44.080834501874989 ], [ 5.300290686692674, 44.080697850433054 ], [ 5.300413584528843, 44.080586318771928 ], [ 5.30045211228088, 44.080427036633374 ], [ 5.30038543138678, 44.080291574542457 ], [ 5.300264406870758, 44.080109532053356 ], [ 5.300267324344027, 44.079965404645996 ], [ 5.300318841270265, 44.079818455545315 ], [ 5.300385952206909, 44.079686485870155 ], [ 5.30048203284222, 44.079529596418375 ], [ 5.300621392694085, 44.079361893092077 ], [ 5.300771826865023, 44.079220969300756 ], [ 5.300987639769939, 44.079059762869683 ], [ 5.301107625460035, 44.078969001118459 ], [ 5.301259014322627, 44.07882085327568 ], [ 5.30137341056876, 44.078653673585372 ], [ 5.301547239727066, 44.078566281804946 ], [ 5.301644472775216, 44.078561536892977 ], [ 5.301726267809375, 44.078514796982823 ], [ 5.301960525074954, 44.07828476950332 ], [ 5.302073310917057, 44.078201361322982 ], [ 5.302152110161677, 44.078111464243584 ], [ 5.302177189213714, 44.078083024188771 ], [ 5.302226141291883, 44.07790371326292 ], [ 5.302256717292065, 44.077578921811721 ], [ 5.302262874385042, 44.07739150652403 ], [ 5.302177404399435, 44.076390244119075 ], [ 5.30208343648281, 44.076197730698873 ], [ 5.301993009752119, 44.076061868733682 ], [ 5.301949156749039, 44.075934932158106 ], [ 5.30205622904033, 44.075803021882152 ], [ 5.302215203674984, 44.075657414502118 ], [ 5.302286740550411, 44.075542458535871 ], [ 5.302271589169141, 44.075414918643837 ], [ 5.302266982449667, 44.075362791627754 ], [ 5.302093956702001, 44.075068393251307 ], [ 5.30206544292186, 44.074950138421499 ], [ 5.302153856915409, 44.074851035153905 ], [ 5.302455109092837, 44.07464120802328 ], [ 5.302515465316012, 44.074589515828173 ], [ 5.302557758285747, 44.074554410847774 ], [ 5.302587712447995, 44.074430424603818 ], [ 5.302593327604272, 44.074322257174089 ], [ 5.302618227536191, 44.074165962416956 ], [ 5.302621409361898, 44.074090260970628 ], [ 5.302600501730549, 44.073943933636535 ], [ 5.302634318578415, 44.073791953443433 ], [ 5.3026430845175, 44.073699927183078 ], [ 5.302679334298411, 44.073515481036544 ], [ 5.302714060697621, 44.073385991986697 ], [ 5.302766886016604, 44.073240815314144 ], [ 5.302836396258455, 44.07313760701583 ], [ 5.302919669059007, 44.073035009626309 ], [ 5.302981036372403, 44.072915765110132 ], [ 5.302979108791902, 44.072528629115396 ], [ 5.303046833919154, 44.072381338133809 ], [ 5.303241354856437, 44.072250288581174 ], [ 5.303371715687418, 44.072138596625486 ], [ 5.303396284832282, 44.071974205080402 ], [ 5.303403549622276, 44.071752551324337 ], [ 5.30340326140522, 44.07162199791162 ], [ 5.303373945613935, 44.071483951476786 ], [ 5.303377400920514, 44.071353319331777 ], [ 5.303468494566425, 44.071228046772148 ], [ 5.303629392485187, 44.071099504688945 ], [ 5.303814498241791, 44.071013672680408 ], [ 5.304019250136839, 44.070888709306132 ], [ 5.304153204052328, 44.070773339156382 ], [ 5.304347462996634, 44.070512634068123 ], [ 5.304407194781878, 44.070322290842228 ], [ 5.304469694568757, 44.070200320478818 ], [ 5.304574791835919, 44.070112569456541 ], [ 5.304742351059218, 44.07002530433752 ], [ 5.304864770862987, 44.069933586747489 ], [ 5.305021289790358, 44.069697085580678 ], [ 5.305069806964956, 44.069569106379426 ], [ 5.305126412105599, 44.069517491699521 ], [ 5.30520069490109, 44.069378165060847 ], [ 5.305233400974837, 44.069353165384989 ], [ 5.305278293239752, 44.069320705839409 ], [ 5.305423142878223, 44.069197001005151 ], [ 5.305428944437146, 44.0691860739284 ], [ 5.30550488342718, 44.069026002790253 ], [ 5.305566950830163, 44.068862622076153 ], [ 5.305593124413137, 44.068707200480183 ], [ 5.305594106699122, 44.068608134760588 ], [ 5.305558019161257, 44.068395497693096 ], [ 5.305551461132632, 44.068356918195143 ], [ 5.305675083639744, 44.068017561831752 ], [ 5.30570776953816, 44.067930434209586 ], [ 5.30582997097684, 44.067679347718936 ], [ 5.305839631197551, 44.06751707065348 ], [ 5.305825732471083, 44.067482247426881 ], [ 5.305792178791347, 44.067393813615666 ], [ 5.305662520514744, 44.067152533457552 ], [ 5.305603410673241, 44.066988103082515 ], [ 5.30559258905766, 44.066844265609433 ], [ 5.305631594545893, 44.066728191899493 ], [ 5.306052512916819, 44.065928768226442 ], [ 5.306139949865083, 44.06583688563915 ], [ 5.306212296493161, 44.065773233513575 ], [ 5.306275726847588, 44.065705267125843 ], [ 5.306329685858462, 44.065650105940257 ], [ 5.306403543160354, 44.065562110841611 ], [ 5.306449768827856, 44.06547019578062 ], [ 5.306469501306255, 44.065371635587056 ], [ 5.306467840823796, 44.065269024053748 ], [ 5.306436199546148, 44.065166143737699 ], [ 5.306404193846315, 44.065054267019292 ], [ 5.306356742270512, 44.064931010394055 ], [ 5.305640352302076, 44.065218023113928 ], [ 5.304750326312918, 44.065195344727243 ], [ 5.30446780368348, 44.065187785892796 ], [ 5.303423986029059, 44.065160230187374 ], [ 5.303275220583834, 44.065156156825964 ], [ 5.302462843934235, 44.06513902949338 ], [ 5.301180502590344, 44.065111066143764 ], [ 5.300941795202538, 44.065106178881123 ], [ 5.300778523052096, 44.064835886858091 ], [ 5.300642337582733, 44.064556021395433 ], [ 5.30047839107858, 44.064330763518335 ], [ 5.300462508097876, 44.064215845363563 ], [ 5.300316342635751, 44.063843447623249 ], [ 5.300199957178317, 44.063713533475877 ], [ 5.300180550109083, 44.06360409180958 ], [ 5.300139824047785, 44.063492396855189 ], [ 5.300101884260072, 44.063387846595731 ], [ 5.300051722648676, 44.063289855943182 ], [ 5.299993820906808, 44.063185725056741 ], [ 5.299938971637621, 44.063064422331713 ], [ 5.299886181681273, 44.062932271473862 ], [ 5.299839121252885, 44.062787394576432 ], [ 5.299746055172085, 44.062523730340445 ], [ 5.299703695161949, 44.062371551455072 ], [ 5.299666180475423, 44.062215669170826 ], [ 5.299599413140086, 44.061984767430623 ], [ 5.299575719822035, 44.061861909775317 ], [ 5.299550076536296, 44.061752599144924 ], [ 5.299521029567039, 44.061620849915947 ], [ 5.299483455582938, 44.061525295955008 ], [ 5.299444900507929, 44.061405451695308 ], [ 5.299416399071443, 44.061287197068985 ], [ 5.299395553013787, 44.061203897390115 ], [ 5.299388466910309, 44.06112120909782 ], [ 5.299387691477447, 44.061040189064812 ], [ 5.299387909257781, 44.060952845349156 ], [ 5.299361806584982, 44.060893966988139 ], [ 5.299322125837949, 44.060838975430343 ], [ 5.299300407954515, 44.060734084391406 ], [ 5.299274693028889, 44.060622974484794 ], [ 5.299248154571858, 44.060553300427024 ], [ 5.299203932012158, 44.060478595366568 ], [ 5.299141867928861, 44.060425874684888 ], [ 5.299060617917979, 44.060361851669136 ], [ 5.298995986271256, 44.060307384030587 ], [ 5.298949765477631, 44.060275940197812 ], [ 5.298884504097892, 44.060236792575608 ], [ 5.298818104224177, 44.060200370033819 ], [ 5.29875879025874, 44.060153894226104 ], [ 5.298715658520896, 44.060106178184178 ], [ 5.298678801047597, 44.06005923078245 ], [ 5.298643481829288, 44.060019454292878 ], [ 5.298617440568431, 44.059992989019662 ], [ 5.298589412767074, 44.059979171091861 ], [ 5.298544354902693, 44.059976515572515 ], [ 5.298506092281932, 44.059956609705701 ], [ 5.298464571723998, 44.059917863774885 ], [ 5.298437295560791, 44.059860810701601 ], [ 5.298421247558041, 44.059803521878727 ], [ 5.29839885278597, 44.059743665104001 ], [ 5.298339915456107, 44.059675571530192 ], [ 5.298272390612386, 44.059611259832621 ], [ 5.298243939869081, 44.059556032192816 ], [ 5.298221799626422, 44.059502472869042 ], [ 5.298186154190641, 44.059454599485768 ], [ 5.298151284218192, 44.059395004583557 ], [ 5.298111908948702, 44.059316595807559 ], [ 5.298079946481296, 44.059236230601449 ], [ 5.298050284876091, 44.059181928752587 ], [ 5.298005725329524, 44.059129740447794 ], [ 5.297959215507371, 44.059091099099689 ], [ 5.297910319592995, 44.059055209028031 ], [ 5.297849142662765, 44.058993465070159 ], [ 5.297777368148869, 44.0589166366981 ], [ 5.297704600467694, 44.05884613194587 ], [ 5.297644902360987, 44.058759145599034 ], [ 5.297623429561567, 44.05869116575861 ], [ 5.29759528338, 44.058612521163703 ], [ 5.297563249417351, 44.058530356559046 ], [ 5.297516499253828, 44.058454803629679 ], [ 5.297491745905797, 44.05833647014537 ], [ 5.29746523681501, 44.058205567893793 ], [ 5.297409988222732, 44.05801224072097 ], [ 5.29740435052268, 44.057810669146242 ], [ 5.296120765718483, 44.057004730127389 ], [ 5.296046886343642, 44.056968462976286 ], [ 5.295985749959643, 44.056907617688218 ], [ 5.295908287310701, 44.056844413599499 ], [ 5.295796997148599, 44.056778317333325 ], [ 5.295704310919485, 44.056709129596527 ], [ 5.295638221460304, 44.056649288413986 ], [ 5.29557173309202, 44.056579551161519 ], [ 5.295484813358984, 44.056498537129357 ], [ 5.295372073410905, 44.056396454875248 ], [ 5.295291514748174, 44.056287394927793 ], [ 5.295234898334111, 44.056214749301233 ], [ 5.295192998031625, 44.056135492290167 ], [ 5.29518005822132, 44.056031317247523 ], [ 5.295074035423574, 44.055848057942313 ], [ 5.294876454684021, 44.055933236352843 ], [ 5.29478591053752, 44.05591712658147 ], [ 5.294691515203442, 44.05589839627185 ], [ 5.294587103805555, 44.055878975443584 ], [ 5.293344152414448, 44.055645708667242 ], [ 5.293093802394594, 44.055598730353026 ], [ 5.290196537627175, 44.05505431893787 ], [ 5.287062095829738, 44.054447258313687 ], [ 5.285206136704589, 44.054088046299199 ], [ 5.28498973408051, 44.054046643813017 ], [ 5.284397096302909, 44.053932057976311 ], [ 5.284389611632246, 44.053932214180314 ], [ 5.280836480763457, 44.053902764349424 ], [ 5.279883598237217, 44.053895603941015 ], [ 5.279470189132243, 44.053891608403966 ], [ 5.278106392930452, 44.053880383484262 ], [ 5.276615922398036, 44.053761028068955 ], [ 5.27268431333728, 44.053444757379381 ], [ 5.27283959550134, 44.054238379331203 ], [ 5.272680754325493, 44.054168745720332 ], [ 5.272492845926616, 44.054152838439492 ], [ 5.271630845043543, 44.054139217356258 ], [ 5.271112163359208, 44.05418779680263 ], [ 5.270957271969117, 44.054217121767223 ], [ 5.270775573771487, 44.054231695985727 ], [ 5.270590949992872, 44.054235525900367 ], [ 5.270073991956151, 44.0542021291078 ], [ 5.269398807212669, 44.054114385497947 ], [ 5.26911696703717, 44.054028388663816 ], [ 5.268528275763553, 44.053886624097615 ], [ 5.268401989239513, 44.053850524535797 ], [ 5.268114767823021, 44.053754732426704 ], [ 5.267863472463382, 44.053651892522282 ], [ 5.267631169609688, 44.053524348092694 ], [ 5.267426770672708, 44.053376416614313 ], [ 5.267190799260112, 44.053250748085709 ], [ 5.266917871516096, 44.053137549520869 ], [ 5.266417971473683, 44.052967823770743 ], [ 5.266315031396358, 44.052922234592835 ], [ 5.266243133994603, 44.052872401055559 ], [ 5.266120349095549, 44.05267325615565 ], [ 5.26598468531042, 44.052401446332873 ], [ 5.265906755029982, 44.052294112661365 ], [ 5.265688064932053, 44.05210055428401 ], [ 5.265586167390722, 44.05189287309328 ], [ 5.265501852769337, 44.05175055622005 ], [ 5.263295942028773, 44.05156389193322 ], [ 5.263049166604703, 44.051542883219845 ], [ 5.262905107428071, 44.051530555058768 ], [ 5.26274777960671, 44.051435665436543 ], [ 5.262344803018091, 44.051190986781187 ], [ 5.261880346817547, 44.050907059872827 ], [ 5.259222011983274, 44.0492908481068 ], [ 5.256970639524255, 44.047922794133413 ], [ 5.256442337679158, 44.047601445888617 ], [ 5.253795786295977, 44.045991171441088 ], [ 5.252899191490447, 44.045446893434978 ], [ 5.252007638450811, 44.044903405239836 ], [ 5.25112175521211, 44.04453446727117 ], [ 5.250681383518133, 44.044351743623309 ], [ 5.249234534335619, 44.043748522455168 ], [ 5.24590298999982, 44.043116448258388 ], [ 5.24525905375822, 44.042993704200633 ], [ 5.243537389964887, 44.042667961402508 ], [ 5.241640896106381, 44.04230795743284 ], [ 5.237786897178438, 44.042987380927734 ], [ 5.237057981179102, 44.043115730245752 ], [ 5.236774097215235, 44.043165651058253 ], [ 5.236159250900466, 44.043274555760547 ], [ 5.235691904936024, 44.043357034159584 ], [ 5.235598927410805, 44.043373339478805 ], [ 5.233584448345921, 44.043727801577745 ], [ 5.233434449216126, 44.043754272506668 ], [ 5.233417093644282, 44.043757327810376 ], [ 5.233192224316128, 44.043784425912925 ], [ 5.233169773887944, 44.043784884019658 ], [ 5.232262166448417, 44.043813304222489 ], [ 5.231129559916307, 44.043833698837496 ], [ 5.230557002482724, 44.043843569026286 ], [ 5.229464553293267, 44.043869430531331 ], [ 5.229095367384856, 44.043876950686403 ], [ 5.227851612330841, 44.043895973653491 ], [ 5.226610859426742, 44.043896013599614 ], [ 5.225314033823926, 44.043930493357443 ], [ 5.223421159608751, 44.043980670129301 ], [ 5.222469714671055, 44.044005397727112 ], [ 5.222330391485382, 44.043985717664292 ], [ 5.220840810753973, 44.04378275927607 ], [ 5.220159343709791, 44.043688541501602 ], [ 5.21901234509212, 44.04353173006249 ], [ 5.21738720996601, 44.043308964414756 ], [ 5.2166079091722, 44.043202301077955 ], [ 5.215328477914955, 44.043041831118785 ], [ 5.215299581444473, 44.043037013843509 ], [ 5.214155721350396, 44.042863881982164 ], [ 5.213354670234417, 44.04274322994037 ], [ 5.212245908072672, 44.042541457207939 ], [ 5.211077367251595, 44.042375095077034 ], [ 5.211023387250747, 44.042367182003801 ], [ 5.210683665699107, 44.042844035666207 ], [ 5.21002578320613, 44.043774795337654 ], [ 5.209860035775561, 44.04400683515258 ], [ 5.209961457762361, 44.044047104391396 ], [ 5.209864803636279, 44.044194014984136 ], [ 5.20882328476513, 44.045758267649191 ], [ 5.208462721908671, 44.046310265577937 ], [ 5.207934415930834, 44.047236597528403 ], [ 5.208179451461076, 44.047503564918799 ], [ 5.20899934981073, 44.048398192009529 ], [ 5.209786727718176, 44.049258356132739 ], [ 5.209824612606503, 44.049301709304544 ], [ 5.209983602101748, 44.049474071090913 ], [ 5.210083980772045, 44.049583689993163 ], [ 5.210177843510683, 44.049686237443481 ], [ 5.210266472560221, 44.049782587931581 ], [ 5.21031080466041, 44.049831212982497 ], [ 5.210712326697283, 44.050269686966949 ], [ 5.211132122228213, 44.050728499065336 ], [ 5.212098152123004, 44.051783121379586 ], [ 5.212208937882852, 44.051903332760958 ], [ 5.212888293376214, 44.052647712722042 ], [ 5.213282020616884, 44.05307733264199 ], [ 5.213488260067998, 44.053340572627953 ], [ 5.213945467917696, 44.053925571549691 ], [ 5.21409754562571, 44.054080060670671 ], [ 5.214128581917582, 44.054139757830065 ], [ 5.214329244314312, 44.054387803021655 ], [ 5.213921773989941, 44.054696769479442 ], [ 5.213888080640488, 44.054761377385283 ], [ 5.213886507252425, 44.054817232304835 ], [ 5.214162555215331, 44.054916992469181 ], [ 5.214331026935555, 44.054979311779505 ], [ 5.214538148906984, 44.055072361966744 ], [ 5.214585601339861, 44.055104715747092 ], [ 5.214697178894488, 44.055180790773484 ], [ 5.2147684515756, 44.055247777086933 ], [ 5.214822084327526, 44.055310618412378 ], [ 5.214903992536403, 44.055458423041443 ], [ 5.215007821584343, 44.055656204969033 ], [ 5.215050800060066, 44.055766081215147 ], [ 5.215089848453472, 44.055839121670537 ], [ 5.215144112225105, 44.055918156831382 ], [ 5.215379474428841, 44.056255535738927 ], [ 5.215429051122039, 44.056310355558189 ], [ 5.215534105241867, 44.056443285433232 ], [ 5.215574682357759, 44.056523497816116 ], [ 5.215641684806354, 44.056737331064049 ], [ 5.215829401161351, 44.057325977719394 ], [ 5.215902341243415, 44.057564000866009 ], [ 5.215982832837018, 44.057707331798049 ], [ 5.216056443421603, 44.057802181752017 ], [ 5.215807110560178, 44.05790807089695 ], [ 5.215926885429742, 44.058098326609077 ], [ 5.215985980864684, 44.058205175336148 ], [ 5.216073341837726, 44.058364573968468 ], [ 5.216131974018339, 44.058523653778558 ], [ 5.216164971385354, 44.058537391766691 ], [ 5.216246003717394, 44.058726630815144 ], [ 5.216300762210363, 44.05881826085664 ], [ 5.21636867563883, 44.05895914518802 ], [ 5.216433884055394, 44.059094682010112 ], [ 5.21654176960554, 44.059268070851083 ], [ 5.216551273420245, 44.05928768668339 ], [ 5.216613055142281, 44.059431396204673 ], [ 5.216612591769865, 44.059483627380793 ], [ 5.216658583353797, 44.059574534447819 ], [ 5.216798598747579, 44.059835509367439 ], [ 5.21681936622815, 44.059855797473105 ], [ 5.216867314443082, 44.059900745682626 ], [ 5.216941371095766, 44.05997487756062 ], [ 5.217088013328466, 44.060085355178579 ], [ 5.217278616300797, 44.0603948257938 ], [ 5.217333413103158, 44.060487355070471 ], [ 5.217658756075147, 44.061018289796472 ], [ 5.218076011666658, 44.061696824260203 ], [ 5.218266835757867, 44.062011691435316 ], [ 5.218289258432779, 44.062010336713136 ], [ 5.218632909011747, 44.061985365285217 ], [ 5.218814848484055, 44.062264396577234 ], [ 5.218902884529675, 44.062504813934623 ], [ 5.218958878395719, 44.062627931193134 ], [ 5.218993527159006, 44.062683952721891 ], [ 5.218631955910978, 44.063018118073977 ], [ 5.218000721791053, 44.063545924880174 ], [ 5.2172473484279, 44.064176143660198 ], [ 5.217275043136601, 44.064181885416026 ], [ 5.217359248771658, 44.064227900035455 ], [ 5.217438512787557, 44.064307328684983 ], [ 5.217551836760819, 44.064523825314375 ], [ 5.217621793022035, 44.064716890100797 ], [ 5.217670229905534, 44.064838360471654 ], [ 5.217731655778404, 44.064940659763998 ], [ 5.217860775280909, 44.065209958593577 ], [ 5.2179522602871, 44.065410690566857 ], [ 5.217989223505008, 44.065526090654096 ], [ 5.218082652060199, 44.065808717721886 ], [ 5.218142363714006, 44.066027200558807 ], [ 5.218151114239554, 44.066219704500085 ], [ 5.218140643355707, 44.066367578903993 ], [ 5.218114063116627, 44.066454553867167 ], [ 5.218074809298063, 44.066568796978025 ], [ 5.218088513884835, 44.066600032624116 ], [ 5.218129087439747, 44.06664783112992 ], [ 5.218188482563988, 44.066697949433966 ], [ 5.218283887396782, 44.066742836217422 ], [ 5.218370803530067, 44.066794197579547 ], [ 5.21845197194139, 44.066858280661982 ], [ 5.21850493299107, 44.066935540584005 ], [ 5.218583930742781, 44.067104111665031 ], [ 5.218601288494708, 44.067164985785034 ], [ 5.218592793871581, 44.067235387578393 ], [ 5.218549081194208, 44.067299299973705 ], [ 5.218465054086502, 44.067354125051082 ], [ 5.218418550551796, 44.067378477210852 ], [ 5.218395263705082, 44.067389753613611 ], [ 5.218361974156655, 44.067432745992825 ], [ 5.218360685319232, 44.067495798728196 ], [ 5.218458911164869, 44.068029534860621 ], [ 5.218454510250623, 44.068108857529296 ], [ 5.218402155521665, 44.06830350018906 ], [ 5.218388192954591, 44.068393821169003 ], [ 5.218391229061188, 44.068439679073073 ], [ 5.218402797936514, 44.068576302556629 ], [ 5.218489781251545, 44.068693390382883 ], [ 5.218582527629543, 44.068830169760261 ], [ 5.218664961688602, 44.068926640895057 ], [ 5.218900915197064, 44.069181169111658 ], [ 5.218928346769635, 44.069212126528534 ], [ 5.218983911502383, 44.069292034754483 ], [ 5.219039315929317, 44.069399858033719 ], [ 5.219112365372965, 44.069511825579674 ], [ 5.21919544773539, 44.069656903859311 ], [ 5.219238289514823, 44.069730767194002 ], [ 5.219380616621031, 44.069889951019249 ], [ 5.219466105784893, 44.070064692967115 ], [ 5.219478524316877, 44.070158981340754 ], [ 5.219480319241872, 44.07036513244703 ], [ 5.219477704076307, 44.070554265710982 ], [ 5.219455724598453, 44.070695170877009 ], [ 5.219392701618061, 44.070904436676592 ], [ 5.219356469222824, 44.071032125009793 ], [ 5.219344316659523, 44.071136815696178 ], [ 5.219344782915986, 44.071244852142463 ], [ 5.219354705792764, 44.071339191177763 ], [ 5.219514283708742, 44.071908599945004 ], [ 5.219513296622686, 44.071947336418326 ], [ 5.219514149141453, 44.072065269301682 ], [ 5.219504702905091, 44.072175307506299 ], [ 5.219495872981415, 44.072269126328088 ], [ 5.219504427970742, 44.072328378198407 ], [ 5.219507800852346, 44.072350819406196 ], [ 5.21957027549658, 44.072447694765096 ], [ 5.219744248247429, 44.072585528207135 ], [ 5.219837429411749, 44.072669175571662 ], [ 5.219867709855071, 44.072709078935155 ], [ 5.219961608696956, 44.072843133132551 ], [ 5.220002063367702, 44.072919745914817 ], [ 5.220015540360689, 44.072977097219699 ], [ 5.220021690014925, 44.073006685194692 ], [ 5.220003844808037, 44.073093483829091 ], [ 5.219846838450842, 44.073358678611569 ], [ 5.219824126257432, 44.073416763615086 ], [ 5.219836936460309, 44.073457021182669 ], [ 5.219957678350618, 44.073542810926156 ], [ 5.219975289377777, 44.073546055412322 ], [ 5.22003770006101, 44.073577203883332 ], [ 5.220176193970373, 44.073669836554672 ], [ 5.22031391234917, 44.073806603610045 ], [ 5.220374791053832, 44.073894507167708 ], [ 5.220415141726529, 44.073968420824471 ], [ 5.22043266332131, 44.074001379733581 ], [ 5.220484015413094, 44.074101181426272 ], [ 5.220522642788454, 44.074194938459385 ], [ 5.220529549323038, 44.074211905703919 ], [ 5.220722149111935, 44.074570854739605 ], [ 5.220755874908185, 44.074634998443202 ], [ 5.220835365574594, 44.074783750507265 ], [ 5.220876754758359, 44.074852240683619 ], [ 5.220903433727099, 44.074895818431557 ], [ 5.220959357876435, 44.074984722633445 ], [ 5.220973962908829, 44.075006936024259 ], [ 5.221059432509767, 44.075116850154075 ], [ 5.221323033818241, 44.075406829367743 ], [ 5.221409841722576, 44.075487003411361 ], [ 5.221544844502415, 44.075586008109916 ], [ 5.221597590772992, 44.075625455328563 ], [ 5.221723699387869, 44.07575255222531 ], [ 5.221763966412778, 44.07579225256957 ], [ 5.221841653481524, 44.075862707130511 ], [ 5.221890567517764, 44.075931944707371 ], [ 5.221907105043708, 44.076003639997538 ], [ 5.221905063734242, 44.076079313816948 ], [ 5.221921390567848, 44.076145611072626 ], [ 5.221970585955244, 44.076222046008979 ], [ 5.22204742893922, 44.076334835722058 ], [ 5.222158705045177, 44.076465834746934 ], [ 5.222178705930605, 44.07653025665627 ], [ 5.222265727541026, 44.076615828110135 ], [ 5.222470917498081, 44.076816951823268 ], [ 5.222599596930565, 44.076945796483713 ], [ 5.222653276931345, 44.076977120834222 ], [ 5.222756979420489, 44.077137985831541 ], [ 5.223179847921204, 44.077539977802338 ], [ 5.223647052663067, 44.077989688964522 ], [ 5.224669409435421, 44.078965653210545 ], [ 5.224825540771451, 44.079253306622498 ], [ 5.224937217285456, 44.079458126990417 ] ] ] ] } },
{ "type": "Feature", "properties": { "INSEE_COM": "84075", "NOM": "Méthamis" }, "geometry": { "type": "MultiPolygon", "coordinates": [ [ [ [ 5.224336252824337, 43.983112486106819 ], [ 5.223894635149907, 43.983298836900929 ], [ 5.223784256603579, 43.98334609904294 ], [ 5.223608791193434, 43.983418994024362 ], [ 5.223437413448836, 43.983628657151918 ], [ 5.223385012576132, 43.983883618502496 ], [ 5.223363338389687, 43.984191075032022 ], [ 5.223339839623687, 43.984387826932121 ], [ 5.223279049521052, 43.984619550087736 ], [ 5.223178454195989, 43.985301352275521 ], [ 5.223157289923973, 43.985334194869935 ], [ 5.223083917238943, 43.985403212294969 ], [ 5.223025233303546, 43.98543321638752 ], [ 5.222901827887712, 43.985530261171171 ], [ 5.222645995146109, 43.985748842901089 ], [ 5.222210841995829, 43.986037694006924 ], [ 5.22193431542834, 43.986205375243699 ], [ 5.221848498788626, 43.986243132805804 ], [ 5.22173858735807, 43.986270575838169 ], [ 5.221514098235487, 43.986269735294755 ], [ 5.221334149320739, 43.986259886326259 ], [ 5.221236802723401, 43.986289774591121 ], [ 5.221167814471962, 43.986343395843441 ], [ 5.22114636819063, 43.986369041046395 ], [ 5.220831695209402, 43.986677947405454 ], [ 5.220185400948533, 43.987341118524057 ], [ 5.22007520219478, 43.987425287106866 ], [ 5.219966549074235, 43.987485115009221 ], [ 5.219846261072534, 43.987534374939671 ], [ 5.219709599389989, 43.987579465445251 ], [ 5.219333781188375, 43.987727547506687 ], [ 5.219109876664216, 43.987805919968686 ], [ 5.218925794610336, 43.987850171224821 ], [ 5.218762999839833, 43.98789669121215 ], [ 5.218624964984932, 43.987970619081445 ], [ 5.218372694406158, 43.988089180546766 ], [ 5.218180267557688, 43.98820742770836 ], [ 5.218077386008842, 43.988255432181347 ], [ 5.217912342368086, 43.988308298876511 ], [ 5.217701740869601, 43.988344082571665 ], [ 5.217639838011301, 43.988387654093373 ], [ 5.217450698731268, 43.988590465212674 ], [ 5.217317168614634, 43.988684107512739 ], [ 5.217248404886876, 43.988711611821742 ], [ 5.217130079105735, 43.98874732380974 ], [ 5.216776759041037, 43.988929153601376 ], [ 5.216601617367047, 43.989011033879414 ], [ 5.216183896971336, 43.989236483223685 ], [ 5.216056370494516, 43.98929218798677 ], [ 5.21593451444036, 43.98933337224215 ], [ 5.215826994473893, 43.989390471951531 ], [ 5.215716142780594, 43.989426030912242 ], [ 5.21530815845905, 43.989517128914414 ], [ 5.215072117687631, 43.989572329990004 ], [ 5.214926829746048, 43.989620290168723 ], [ 5.214642833060834, 43.989725080075146 ], [ 5.214448028337463, 43.989814557807357 ], [ 5.214371226164692, 43.989827817634783 ], [ 5.214014744137166, 43.989832335452391 ], [ 5.213257293798513, 43.989916095902174 ], [ 5.213013726520819, 43.989938132271568 ], [ 5.212697059602254, 43.989972451468155 ], [ 5.2125053144827, 43.990012345107942 ], [ 5.212359440691515, 43.990077420118645 ], [ 5.212190997419576, 43.990139350197467 ], [ 5.212003489354179, 43.990224174170791 ], [ 5.211764856309395, 43.990309131635719 ], [ 5.211530833535003, 43.990416503798578 ], [ 5.211285106395161, 43.990511507406346 ], [ 5.211030446383466, 43.990601289049152 ], [ 5.210526342534731, 43.990754635242872 ], [ 5.210321279929419, 43.990837110141399 ], [ 5.209657091088021, 43.99113954304363 ], [ 5.209516848775024, 43.991189194620141 ], [ 5.209196208976261, 43.991282105815635 ], [ 5.20875088737953, 43.991375734006695 ], [ 5.208227747627642, 43.991456526514895 ], [ 5.207986977731784, 43.991486598089388 ], [ 5.207776323412975, 43.991521463102394 ], [ 5.207336383712208, 43.991560956501722 ], [ 5.206658253211923, 43.991568341367199 ], [ 5.206417273043154, 43.99159301167758 ], [ 5.205964286172717, 43.991649869219081 ], [ 5.205692333801652, 43.991712076607016 ], [ 5.205331732225925, 43.991771569574439 ], [ 5.204890632947991, 43.991910113593121 ], [ 5.204687075835666, 43.991967337924024 ], [ 5.204224643644898, 43.992070295831063 ], [ 5.204015857238473, 43.992121321943792 ], [ 5.203876199010967, 43.992186260131582 ], [ 5.20370870813275, 43.99224095501522 ], [ 5.203382315219187, 43.992378981726866 ], [ 5.202991909849126, 43.992474180578775 ], [ 5.202779794057014, 43.992503663273418 ], [ 5.20273521127545, 43.992511764076404 ], [ 5.20254643519822, 43.992596597054217 ], [ 5.20241618700065, 43.992646938398963 ], [ 5.202253335652139, 43.992724946333503 ], [ 5.202115992417988, 43.99278533391611 ], [ 5.201957047311625, 43.99283535227994 ], [ 5.201125694531932, 43.992847588565034 ], [ 5.200489022459076, 43.992895515802154 ], [ 5.200014795992578, 43.992919463381405 ], [ 5.199570650300661, 43.992947305498134 ], [ 5.19910826678418, 43.993019629069217 ], [ 5.198930174861746, 43.993058323663789 ], [ 5.198445018212628, 43.993186923199978 ], [ 5.198293649803634, 43.993239484843713 ], [ 5.198000265671198, 43.993425449753275 ], [ 5.19784280703794, 43.993514146626289 ], [ 5.197661462651389, 43.993597921300193 ], [ 5.197461734817297, 43.993657756021314 ], [ 5.197049536359439, 43.993738065590591 ], [ 5.196567724650055, 43.993824273650233 ], [ 5.196364254358341, 43.993851769418875 ], [ 5.196104636861669, 43.993878591770248 ], [ 5.195921243550092, 43.993909284836597 ], [ 5.195877974193963, 43.993919157105239 ], [ 5.195654635397966, 43.993981263282961 ], [ 5.195454592198838, 43.994032997593429 ], [ 5.195165413102113, 43.994101826647309 ], [ 5.194981845317281, 43.994128019942231 ], [ 5.194903474792713, 43.994133194384794 ], [ 5.194792219712661, 43.994158836192 ], [ 5.1945428495531, 43.994289888045849 ], [ 5.194406220948738, 43.994336746386374 ], [ 5.194287939288679, 43.994406645119639 ], [ 5.194142864001973, 43.994460875303865 ], [ 5.193969956751531, 43.994504859677669 ], [ 5.193808818463676, 43.994530600955031 ], [ 5.193695727709725, 43.994573384828421 ], [ 5.193672742750765, 43.994591852637356 ], [ 5.193621961179731, 43.994633386441251 ], [ 5.193551240915559, 43.994707732263912 ], [ 5.193488031872482, 43.994750415630143 ], [ 5.193416826200962, 43.994779754326714 ], [ 5.193283518592373, 43.994815740596479 ], [ 5.192680156159955, 43.993947313008775 ], [ 5.192647132724105, 43.993899357109541 ], [ 5.192484750984181, 43.993665824996334 ], [ 5.192402954835082, 43.993549521173918 ], [ 5.192162826403694, 43.993499414978508 ], [ 5.191976317512975, 43.993481545809011 ], [ 5.191754673359619, 43.993490490262907 ], [ 5.191339629819931, 43.99356183185288 ], [ 5.191124942446343, 43.993589542626815 ], [ 5.190903158298673, 43.993627298840423 ], [ 5.190580917066104, 43.993712083787834 ], [ 5.190442070873328, 43.993766184220128 ], [ 5.190275601185039, 43.993815435770784 ], [ 5.190117579382153, 43.993824903171358 ], [ 5.189977835261613, 43.993823200285206 ], [ 5.189636178524149, 43.993792228185917 ], [ 5.189471578279492, 43.993825235056782 ], [ 5.189390125821444, 43.993847573595474 ], [ 5.189069161824596, 43.993933228790816 ], [ 5.188955306288322, 43.993988627682 ], [ 5.188853223507502, 43.99399337211446 ], [ 5.188494114961931, 43.994027569780101 ], [ 5.18824854113526, 43.994127919677304 ], [ 5.188129075260897, 43.994199635964101 ], [ 5.188022315431367, 43.994244988208322 ], [ 5.187899496012286, 43.994261850998022 ], [ 5.18780976801134, 43.994296058253134 ], [ 5.187760576863655, 43.994314148758519 ], [ 5.187608291789147, 43.99440812906893 ], [ 5.187322485179065, 43.994565102381316 ], [ 5.187250228013303, 43.994697096048554 ], [ 5.18721314659624, 43.994770764758613 ], [ 5.187155155973287, 43.994852054334785 ], [ 5.186887831742599, 43.995003254812289 ], [ 5.186777534499708, 43.995086490563992 ], [ 5.186634928634805, 43.995270309282944 ], [ 5.186605833979049, 43.99542214710948 ], [ 5.186599578106842, 43.995649156296942 ], [ 5.186566748079247, 43.995768656813667 ], [ 5.18655249334391, 43.996014732992087 ], [ 5.186503254990961, 43.99612915959041 ], [ 5.186474995188334, 43.996237764714252 ], [ 5.186448817169761, 43.996303112176435 ], [ 5.186437597480668, 43.996335748530399 ], [ 5.186367970224443, 43.996438878388986 ], [ 5.186285707815386, 43.9965377591436 ], [ 5.186197735412332, 43.996617846971901 ], [ 5.185936735077932, 43.996771619638679 ], [ 5.185846476387729, 43.99685715488436 ], [ 5.185757624120691, 43.997044399708059 ], [ 5.185716585378498, 43.997177569099719 ], [ 5.185481808902093, 43.997429853285794 ], [ 5.185219233184432, 43.997672788784584 ], [ 5.185030982609509, 43.997902534256674 ], [ 5.184944425071317, 43.997987094464776 ], [ 5.184843916892194, 43.998065630980889 ], [ 5.184734339649087, 43.998135345238616 ], [ 5.18441804413416, 43.998278514511142 ], [ 5.184195636360457, 43.998398199660578 ], [ 5.184007818122482, 43.998476678513931 ], [ 5.183886121061791, 43.99855563729114 ], [ 5.183821437122702, 43.998657766461484 ], [ 5.183857051883866, 43.998708374318468 ], [ 5.183874184431121, 43.998732341218151 ], [ 5.183858696572774, 43.998816381616443 ], [ 5.183811115529062, 43.998909165904614 ], [ 5.1837735735857, 43.999003550375271 ], [ 5.183770858686768, 43.999095438721206 ], [ 5.183735079977691, 43.999203292995993 ], [ 5.18370543437477, 43.999275911742323 ], [ 5.183632714699837, 43.999396207973042 ], [ 5.183593623770909, 43.99964548091868 ], [ 5.183619775146761, 43.999774606983529 ], [ 5.183659980772553, 43.999912455778414 ], [ 5.183616787183825, 44.000054670839617 ], [ 5.183593574136253, 44.000164975216627 ], [ 5.183593558365807, 44.000262211730899 ], [ 5.183577557839146, 44.00030034528595 ], [ 5.183487324493082, 44.000386778404796 ], [ 5.183232146583459, 44.000562936592146 ], [ 5.183008642226208, 44.00075196696303 ], [ 5.182797927183042, 44.001046981173765 ], [ 5.182753834593483, 44.001165805149022 ], [ 5.182743708843502, 44.001259642129632 ], [ 5.182765539895715, 44.001341136939438 ], [ 5.182751468341516, 44.001429650669799 ], [ 5.182705709725762, 44.001570115949498 ], [ 5.182700603671724, 44.001664753096833 ], [ 5.182670036377613, 44.001843629620829 ], [ 5.182586426992968, 44.002037970090562 ], [ 5.182517095924669, 44.002149194668085 ], [ 5.182454731792596, 44.002214363045233 ], [ 5.182388863687653, 44.00231831575077 ], [ 5.182284530350707, 44.002427537638539 ], [ 5.18222156786339, 44.002542236297707 ], [ 5.182167364155269, 44.002657660497043 ], [ 5.182158185617613, 44.002678551362209 ], [ 5.182265126156545, 44.0027025272991 ], [ 5.183020983886905, 44.002864808779478 ], [ 5.183529586114798, 44.002987005083071 ], [ 5.184399453149187, 44.003194718802028 ], [ 5.185738920797838, 44.003515487584572 ], [ 5.186057431713457, 44.00359195268058 ], [ 5.186695702498916, 44.003744855180372 ], [ 5.187807318346722, 44.004010732296031 ], [ 5.188617599133303, 44.004192594995679 ], [ 5.190024212411743, 44.0045065667126 ], [ 5.190139953690872, 44.004532159563162 ], [ 5.190297241477597, 44.004567724342834 ], [ 5.190363780387439, 44.005487439389526 ], [ 5.190402603581528, 44.006043072112739 ], [ 5.190454343017287, 44.006577738502543 ], [ 5.190662563255879, 44.006737430227204 ], [ 5.190892979850104, 44.00685796231668 ], [ 5.191016896938069, 44.006901397424869 ], [ 5.191438127122214, 44.007020806827988 ], [ 5.191714632284159, 44.00707468890252 ], [ 5.19242227459054, 44.007213564467015 ], [ 5.192461053437159, 44.007216388501135 ], [ 5.192588781417057, 44.007196721572093 ], [ 5.192834161542309, 44.007154888246568 ], [ 5.193216339935852, 44.007037383636671 ], [ 5.193381426391656, 44.00701606629503 ], [ 5.193592077941909, 44.007011841700972 ], [ 5.193764470794068, 44.00705070014812 ], [ 5.193859236357407, 44.007049699696282 ], [ 5.193957291592056, 44.007069341039696 ], [ 5.194129686336372, 44.007173023512557 ], [ 5.194321817251375, 44.007270907725264 ], [ 5.194673253917999, 44.007359292769294 ], [ 5.194712067628959, 44.007363015652793 ], [ 5.195130533531816, 44.007345614497126 ], [ 5.195414172981096, 44.00732551605617 ], [ 5.195645876749937, 44.007317263585165 ], [ 5.196092532651267, 44.007416337397878 ], [ 5.19621655702672, 44.007430053264564 ], [ 5.196378075485519, 44.007380892410453 ], [ 5.196549877525407, 44.007339627877478 ], [ 5.196721854952072, 44.007335273610636 ], [ 5.197019556548526, 44.007388716699047 ], [ 5.19715802320544, 44.007453460958772 ], [ 5.197341303886635, 44.007645153499695 ], [ 5.197441333834561, 44.007651246949045 ], [ 5.197495407263673, 44.007533115915898 ], [ 5.197572157053476, 44.007388419289775 ], [ 5.197657081968231, 44.007293977574328 ], [ 5.19777487132912, 44.007275404596186 ], [ 5.198140113533801, 44.007204140417038 ], [ 5.19832251335384, 44.007211278624929 ], [ 5.198515689779858, 44.007303732546696 ], [ 5.198687194224948, 44.007416429364831 ], [ 5.198856269005664, 44.007466150717526 ], [ 5.199079393574556, 44.007526489580997 ], [ 5.19940265658812, 44.00762803089296 ], [ 5.199722632866943, 44.007741341854654 ], [ 5.200183400890918, 44.007914843962929 ], [ 5.200516470534486, 44.008044095502747 ], [ 5.200668167558673, 44.008095964450668 ], [ 5.200832012360348, 44.008107073250223 ], [ 5.200935474765116, 44.008137403771265 ], [ 5.200997082873164, 44.008214494032124 ], [ 5.201015163835523, 44.008262748804604 ], [ 5.201099755592454, 44.008288957194772 ], [ 5.201325070726149, 44.008373556850664 ], [ 5.201456890203018, 44.008395213071303 ], [ 5.201594386002939, 44.008402349357709 ], [ 5.20181571438561, 44.008448313436432 ], [ 5.202081280288367, 44.008412355375881 ], [ 5.202256582704905, 44.008397121376817 ], [ 5.202441375500209, 44.008401503591891 ], [ 5.202586251559187, 44.008438201421797 ], [ 5.202623756042601, 44.008472559635855 ], [ 5.202718013341514, 44.008522881482939 ], [ 5.202847068146672, 44.008569801401187 ], [ 5.202960469594488, 44.008599029535588 ], [ 5.203079007913309, 44.00869658036116 ], [ 5.203290824910876, 44.008786850034006 ], [ 5.203562271682462, 44.008902928383627 ], [ 5.203622590611392, 44.008914318000869 ], [ 5.203908208842242, 44.009074226976189 ], [ 5.204274707561305, 44.009551227957438 ], [ 5.204506772200221, 44.009745527591249 ], [ 5.204702550149542, 44.009936956817043 ], [ 5.204782835070939, 44.010045180849815 ], [ 5.204855278696083, 44.010240896564127 ], [ 5.204960703431463, 44.01051517796764 ], [ 5.204970556790299, 44.010769777627253 ], [ 5.205009853825469, 44.010914841728564 ], [ 5.205038684318132, 44.011015099452187 ], [ 5.205190943789908, 44.011210106395453 ], [ 5.205219865131782, 44.011248238273232 ], [ 5.205378337201745, 44.011345882190305 ], [ 5.206036448810313, 44.012394121861156 ], [ 5.206730472873287, 44.013499256557644 ], [ 5.207646688944551, 44.014960944541372 ], [ 5.208150787758775, 44.01589613812488 ], [ 5.208541986816049, 44.016622027017085 ], [ 5.208774611714801, 44.017054901157231 ], [ 5.208919891841644, 44.017326575003885 ], [ 5.209296280396249, 44.018023949962412 ], [ 5.20995219142493, 44.019204569439097 ], [ 5.210152339376118, 44.019250045435633 ], [ 5.210658512918445, 44.019368568524655 ], [ 5.211693482039912, 44.019609652250153 ], [ 5.212375881121747, 44.01976782164877 ], [ 5.213311428957001, 44.019986591415069 ], [ 5.21413158468631, 44.020189681758758 ], [ 5.215194956353257, 44.020454467832117 ], [ 5.215719025443364, 44.02058340992707 ], [ 5.215884440132631, 44.0206980061837 ], [ 5.216252477410686, 44.020953454930464 ], [ 5.216783372762418, 44.021321748643125 ], [ 5.217173173410108, 44.021591159262613 ], [ 5.2181054963993, 44.022238524693186 ], [ 5.218229867494684, 44.022324238051603 ], [ 5.218313220717827, 44.022381971552221 ], [ 5.218442614620127, 44.022468483200207 ], [ 5.219778946867549, 44.023364244344371 ], [ 5.221407526285273, 44.024457538240576 ], [ 5.221454271673704, 44.024504308160488 ], [ 5.222400398918079, 44.025470987667944 ], [ 5.223101969743132, 44.025606194274012 ], [ 5.223433913122751, 44.025670577393065 ], [ 5.223562145816514, 44.025694982149922 ], [ 5.225868175776902, 44.026142389690349 ], [ 5.225983836463168, 44.026164346343386 ], [ 5.226974525035118, 44.026353069809538 ], [ 5.228523074931558, 44.026670879635837 ], [ 5.229564902683298, 44.026858538415048 ], [ 5.230770769709374, 44.027092362977307 ], [ 5.237569791125658, 44.028409418762799 ], [ 5.238338121399024, 44.028558470337032 ], [ 5.239507581505153, 44.028784841811799 ], [ 5.239828233555955, 44.028846706086455 ], [ 5.2399829133361, 44.028876853103391 ], [ 5.242973267734261, 44.029455754109087 ], [ 5.243716439549716, 44.029598981744492 ], [ 5.243895027787828, 44.029634035264607 ], [ 5.244627194571464, 44.02978288473583 ], [ 5.247614932464746, 44.030387825593934 ], [ 5.247665271864146, 44.030398496340496 ], [ 5.24770277819223, 44.030463452960198 ], [ 5.247788596072922, 44.030519313755846 ], [ 5.247909794504879, 44.030554639450315 ], [ 5.248032883321098, 44.030574619862485 ], [ 5.248039118071802, 44.030574491765314 ], [ 5.248155261988484, 44.03057660730191 ], [ 5.248224061321942, 44.030549082906191 ], [ 5.248599834467271, 44.030426113549076 ], [ 5.249451205546981, 44.030148406399718 ], [ 5.249500372498709, 44.030129388145049 ], [ 5.249536714691832, 44.030101629824159 ], [ 5.249591441119746, 44.030065390166975 ], [ 5.24962058587803, 44.030044982769738 ], [ 5.249668686624845, 44.029998975211747 ], [ 5.249680089928864, 44.029971729602948 ], [ 5.24969060164236, 44.029953506040727 ], [ 5.24974575742666, 44.029896548930765 ], [ 5.24979766982203, 44.029852263684852 ], [ 5.24985599758818, 44.029780835351445 ], [ 5.249926542678242, 44.029734366161875 ], [ 5.250024449028257, 44.029685533524457 ], [ 5.250062609256613, 44.029640630579458 ], [ 5.250260589438668, 44.029597843052393 ], [ 5.250473953504178, 44.029628569215909 ], [ 5.250737550475052, 44.029667265371742 ], [ 5.250862918900875, 44.029681793448098 ], [ 5.250962993243253, 44.029687838035606 ], [ 5.251075963589666, 44.029704421675802 ], [ 5.251225023853137, 44.029718461908011 ], [ 5.251476152443065, 44.02975741284375 ], [ 5.251540421636815, 44.029773197399876 ], [ 5.251646797784822, 44.029843938481143 ], [ 5.25213240524753, 44.030163480399288 ], [ 5.252264643130622, 44.030320124369503 ], [ 5.252317221238624, 44.030450496470223 ], [ 5.252371012664263, 44.030548430165126 ], [ 5.252428938171066, 44.03062466979236 ], [ 5.252593200970133, 44.030896802293235 ], [ 5.252603852673002, 44.030913690090365 ], [ 5.252694195163643, 44.031083801397656 ], [ 5.25274089749738, 44.031191785026685 ], [ 5.252795225605631, 44.031271700069155 ], [ 5.252873922348953, 44.03136822044538 ], [ 5.253017638258948, 44.031499416927311 ], [ 5.253240052690346, 44.0317271333627 ], [ 5.253642208691976, 44.032050188646721 ], [ 5.253732309741646, 44.032119462392338 ], [ 5.253821378545702, 44.032162646486405 ], [ 5.253873430497894, 44.032184984031801 ], [ 5.25450368978972, 44.032248531636263 ], [ 5.254524924128709, 44.032248994491241 ], [ 5.254666189454872, 44.032255087452313 ], [ 5.25478974734297, 44.032286755610549 ], [ 5.254806136231595, 44.032290919758225 ], [ 5.254880634100425, 44.03234430739758 ], [ 5.254936498832627, 44.032368366628205 ], [ 5.255018550334531, 44.032391886154464 ], [ 5.255047587247285, 44.032400291477437 ], [ 5.25566256580457, 44.032487557158277 ], [ 5.255825351357448, 44.032501308376254 ], [ 5.256042683767654, 44.032505831334483 ], [ 5.256207179360011, 44.032499738480276 ], [ 5.256473606037904, 44.032420413758835 ], [ 5.256669488543099, 44.032356048928797 ], [ 5.256820052148234, 44.032313327097718 ], [ 5.256942434034765, 44.03228379160177 ], [ 5.25715295936935, 44.032242533612504 ], [ 5.257322014121455, 44.032225540514631 ], [ 5.257506496138096, 44.032219933742269 ], [ 5.257749730181688, 44.032248229027068 ], [ 5.258136047941946, 44.032296980751738 ], [ 5.258200748385661, 44.032292043979645 ], [ 5.258219667163352, 44.032297055784937 ], [ 5.258393142146971, 44.032328590084617 ], [ 5.25858389671747, 44.032355265560184 ], [ 5.258744936091404, 44.032356443225126 ], [ 5.25892165102417, 44.032343791402148 ], [ 5.25909936306234, 44.032324816075118 ], [ 5.259274900100015, 44.032282475593867 ], [ 5.259310491567212, 44.032267334686949 ], [ 5.259570604273848, 44.032154818789188 ], [ 5.259684929065267, 44.032079527405507 ], [ 5.259798470632959, 44.032015956961665 ], [ 5.259935635551218, 44.031981610887975 ], [ 5.260075442166675, 44.03201383789623 ], [ 5.260153042904547, 44.032050951173773 ], [ 5.260473815488165, 44.032209093676641 ], [ 5.260637211340133, 44.032269644702026 ], [ 5.260776450607773, 44.032318989715336 ], [ 5.260959477402054, 44.032371031281023 ], [ 5.261147028134624, 44.032411274167366 ], [ 5.261310029116847, 44.032430415057895 ], [ 5.261505058860263, 44.032438989593146 ], [ 5.262046353741547, 44.032398988610083 ], [ 5.262269885437596, 44.032402470669076 ], [ 5.262402673250597, 44.032415031582708 ], [ 5.262406414202426, 44.032414954233218 ], [ 5.262642201372181, 44.032412779871223 ], [ 5.262755744341501, 44.03238071946047 ], [ 5.26282325607134, 44.03235231200928 ], [ 5.26284078531411, 44.03235375025249 ], [ 5.263060552804276, 44.032450947763614 ], [ 5.263151729920446, 44.032484176674934 ], [ 5.263288231986627, 44.032558785733237 ], [ 5.263323969921705, 44.032578755186357 ], [ 5.263433110197424, 44.032655730800343 ], [ 5.263498105528547, 44.0327210142353 ], [ 5.263604224985819, 44.032847572949876 ], [ 5.263664943377047, 44.032899439115141 ], [ 5.263883901183974, 44.033038969579714 ], [ 5.26411283127424, 44.033146780069657 ], [ 5.264144614273189, 44.033161428842241 ], [ 5.264248120090485, 44.033190800271427 ], [ 5.264371010644814, 44.033236877639176 ], [ 5.264487988330251, 44.033291180644852 ], [ 5.264719353283705, 44.033460165255192 ], [ 5.264836367536721, 44.033515367533184 ], [ 5.264962606721246, 44.033551470796596 ], [ 5.265220676519216, 44.033607354333931 ], [ 5.265414576738601, 44.033650159772058 ], [ 5.265547010269931, 44.033653720503068 ], [ 5.265683716046705, 44.033639185040379 ], [ 5.265793661891858, 44.033610797467738 ], [ 5.265893816306456, 44.033618627691006 ], [ 5.26610700675107, 44.033738465030147 ], [ 5.266289452350355, 44.033869743302347 ], [ 5.266648946894906, 44.034216146073824 ], [ 5.266709568320675, 44.03429682482389 ], [ 5.266860955184426, 44.034462960048806 ], [ 5.266952782336674, 44.03451237930836 ], [ 5.267107635100692, 44.034546086633696 ], [ 5.267362400231116, 44.034612838313798 ], [ 5.267636939347041, 44.034674677732966 ], [ 5.267704306122366, 44.034799334819027 ], [ 5.267738332416077, 44.034964299560926 ], [ 5.267750930664411, 44.035061279511893 ], [ 5.267761720551323, 44.035363583617475 ], [ 5.267753748529931, 44.035570836288649 ], [ 5.267718927987416, 44.035856078105034 ], [ 5.267687915158535, 44.035954862272966 ], [ 5.267611455030725, 44.036134722103853 ], [ 5.267508411982467, 44.036305228549971 ], [ 5.267469020619974, 44.036381676769714 ], [ 5.26746330004603, 44.036457427280567 ], [ 5.267483696323068, 44.03653083585764 ], [ 5.267515101385116, 44.036598614030659 ], [ 5.267620104112757, 44.036759407074712 ], [ 5.267752966296505, 44.036898913933811 ], [ 5.267797767340843, 44.036958311005996 ], [ 5.26787951519063, 44.037005237398596 ], [ 5.268107458518229, 44.037056336696871 ], [ 5.268225042639279, 44.037062903287342 ], [ 5.268504245866093, 44.037053514079091 ], [ 5.26875206424952, 44.03707088591792 ], [ 5.268875532883322, 44.037099839344947 ], [ 5.268985864718616, 44.037174984483826 ], [ 5.26903010124532, 44.037251500046835 ], [ 5.269059408675231, 44.037329225543303 ], [ 5.269243208908393, 44.037681965369593 ], [ 5.269245618437766, 44.03777375435444 ], [ 5.269204694501546, 44.037843032014834 ], [ 5.268982217956561, 44.038023219685122 ], [ 5.268941472744389, 44.038096995450502 ], [ 5.268914094605161, 44.038193003600583 ], [ 5.268940334625746, 44.038256386663257 ], [ 5.268989660423279, 44.03830398455672 ], [ 5.269040763595923, 44.038333537934633 ], [ 5.269211238602211, 44.038383125548279 ], [ 5.26932097157, 44.038474489763658 ], [ 5.269699432027164, 44.038669226824737 ], [ 5.269780036431425, 44.038687363401095 ], [ 5.270329046911357, 44.038651664304531 ], [ 5.270507384613787, 44.038647964242948 ], [ 5.270628677775699, 44.038653550991896 ], [ 5.270714190735148, 44.038638270871495 ], [ 5.270780100055559, 44.038600887906078 ], [ 5.270858588062462, 44.038565945021851 ], [ 5.27094371475359, 44.038572281923081 ], [ 5.271017410770665, 44.03860496708392 ], [ 5.271089258461669, 44.038653897450025 ], [ 5.271179973959364, 44.038769064527216 ], [ 5.271221469261451, 44.038839333570749 ], [ 5.271247604502302, 44.038900017188062 ], [ 5.271262659217559, 44.038964532313109 ], [ 5.271299058617068, 44.039032205956154 ], [ 5.271345641622597, 44.039073557108516 ], [ 5.271556270943307, 44.039222250288837 ], [ 5.271599687100998, 44.039278073215854 ], [ 5.27170362069828, 44.039505513503023 ], [ 5.271786012908618, 44.039787423955289 ], [ 5.271794653301287, 44.039847570296359 ], [ 5.271766740772094, 44.039930084672996 ], [ 5.271728025524975, 44.039992114470408 ], [ 5.271700821632541, 44.040061108364888 ], [ 5.271712351061041, 44.040131098970882 ], [ 5.271733427037434, 44.040190086795555 ], [ 5.271783869463491, 44.040265572288199 ], [ 5.271897952727085, 44.04034063695476 ], [ 5.271983019540885, 44.040376687030097 ], [ 5.272251221375837, 44.040466559237103 ], [ 5.272413272053433, 44.040555033559272 ], [ 5.272618131098773, 44.040684036352651 ], [ 5.272836980452839, 44.040882077846142 ], [ 5.272937680369375, 44.04099703639293 ], [ 5.273072396967736, 44.041182418715117 ], [ 5.27314689745908, 44.041266407817119 ], [ 5.273271314723619, 44.041443900415914 ], [ 5.273339005296349, 44.0415136247098 ], [ 5.273435057905896, 44.041574656310566 ], [ 5.273541796553872, 44.041621960052559 ], [ 5.273664738664021, 44.041637413565716 ], [ 5.273718223745112, 44.041632700798381 ], [ 5.273933267457932, 44.041610224997683 ], [ 5.274060443886363, 44.041606681990906 ], [ 5.274170770584348, 44.041618795540415 ], [ 5.274289478696656, 44.041653244436617 ], [ 5.274323835285431, 44.04166963776332 ], [ 5.274396326000947, 44.041703246263914 ], [ 5.274710535952228, 44.041882195110162 ], [ 5.274827408206151, 44.041964402055072 ], [ 5.2749179101177, 44.042042655131539 ], [ 5.274985039138611, 44.042129497494486 ], [ 5.275026972904252, 44.042210560893892 ], [ 5.275043639406792, 44.042284046080184 ], [ 5.275048815317818, 44.042413594081296 ], [ 5.275058264578668, 44.042431405367957 ], [ 5.275109827688847, 44.042534778231087 ], [ 5.27527187466973, 44.042685375373075 ], [ 5.275350398569073, 44.042744969072636 ], [ 5.275447415012283, 44.042798775906697 ], [ 5.275557683531232, 44.042840602085583 ], [ 5.275667064544733, 44.042891450478429 ], [ 5.275865451612419, 44.043014279562122 ], [ 5.276075376685483, 44.043113458291863 ], [ 5.27620464216813, 44.043162091850384 ], [ 5.276335611075274, 44.043190881317663 ], [ 5.276450690030339, 44.043228104643354 ], [ 5.276683810437188, 44.043314194347076 ], [ 5.276866011454981, 44.043406745274908 ], [ 5.276969734226793, 44.043472116344311 ], [ 5.277052218506803, 44.043537028834656 ], [ 5.277140363442579, 44.043587417287874 ], [ 5.277518848622972, 44.043781228231708 ], [ 5.277629084579529, 44.043822152708223 ], [ 5.277783405516644, 44.043872964199615 ], [ 5.278045204359752, 44.043926940668378 ], [ 5.278185230511844, 44.043963642952541 ], [ 5.278294472043047, 44.044010890197214 ], [ 5.278520930280949, 44.044086310183602 ], [ 5.278789617768418, 44.044249988863996 ], [ 5.278811360841127, 44.044263041950984 ], [ 5.278981780110864, 44.044372942243292 ], [ 5.279058427884248, 44.044447879140833 ], [ 5.279128600681805, 44.044548161713664 ], [ 5.279173940231743, 44.044745303004539 ], [ 5.279167848311251, 44.045092079546123 ], [ 5.279169936931503, 44.045144258604445 ], [ 5.279220901197467, 44.045325976205902 ], [ 5.279348695539945, 44.045587128739641 ], [ 5.279417613485628, 44.045749564223762 ], [ 5.279660797975571, 44.046086647067646 ], [ 5.2797277949139, 44.04616988816138 ], [ 5.279880246431233, 44.046329683026755 ], [ 5.280092136125216, 44.046477434763766 ], [ 5.280337343364413, 44.046615488047443 ], [ 5.280479741894519, 44.046680050283385 ], [ 5.280777431266553, 44.046788196584835 ], [ 5.28106347780398, 44.046917293745445 ], [ 5.281212330648382, 44.046987122894883 ], [ 5.281740607774636, 44.047273239550343 ], [ 5.281976189899992, 44.047388980269048 ], [ 5.282107532030087, 44.047426759290531 ], [ 5.282255002342142, 44.047430887376386 ], [ 5.28239893223589, 44.047408977754095 ], [ 5.282547779098283, 44.047385164613516 ], [ 5.282709841205125, 44.047348470165176 ], [ 5.28283940114182, 44.047310652626038 ], [ 5.282965672721968, 44.047253094916847 ], [ 5.283056478596881, 44.047182771011947 ], [ 5.283161184881966, 44.047116659010001 ], [ 5.283272343858847, 44.047055814636252 ], [ 5.283629713890452, 44.046908797933646 ], [ 5.283694613971412, 44.046846217145728 ], [ 5.283750385962638, 44.046773922487013 ], [ 5.283815574438111, 44.046718538737949 ], [ 5.283901765871301, 44.046688828007788 ], [ 5.284221648689772, 44.046696558507726 ], [ 5.284504798816244, 44.046722162255797 ], [ 5.284636036599073, 44.046695112224143 ], [ 5.284722788965972, 44.04664828169102 ], [ 5.284787001642055, 44.046568607145637 ], [ 5.284819129570942, 44.046467092595428 ], [ 5.28486275899879, 44.046278900355261 ], [ 5.284901030990385, 44.046206070043596 ], [ 5.285049492889882, 44.0462038708595 ], [ 5.285229786591283, 44.046217213868054 ], [ 5.285287919543563, 44.046234908242823 ], [ 5.285301225876633, 44.046193212389312 ], [ 5.28527836123579, 44.04615227181629 ], [ 5.285211228242352, 44.046096948924024 ], [ 5.285083123471425, 44.046046500604618 ], [ 5.285033078555681, 44.045888176231571 ], [ 5.285021098349324, 44.045807391155627 ], [ 5.285019982527876, 44.045717375340232 ], [ 5.285039617199151, 44.045646734891235 ], [ 5.285080094228433, 44.045566655362364 ], [ 5.285153288741968, 44.045493095818287 ], [ 5.285221096861976, 44.045409744393638 ], [ 5.28539261057337, 44.045266602366404 ], [ 5.28547643231006, 44.045209027720759 ], [ 5.285577751520773, 44.045151987987843 ], [ 5.285693187540215, 44.045104557632989 ], [ 5.28593692878499, 44.045019332051247 ], [ 5.286318752499358, 44.044922217458584 ], [ 5.286445593275596, 44.044879049995885 ], [ 5.286524424399111, 44.044821578789161 ], [ 5.286728634600233, 44.044591313942881 ], [ 5.287069319678461, 44.044153808016802 ], [ 5.287356439660586, 44.043843475307533 ], [ 5.287516140046319, 44.043686170518392 ], [ 5.287584123270562, 44.043607315891521 ], [ 5.287781383367601, 44.043452827165055 ], [ 5.287981190959544, 44.043330698886244 ], [ 5.288203664360882, 44.04321349867282 ], [ 5.28828840206037, 44.043147799148315 ], [ 5.288441048569506, 44.043001445158602 ], [ 5.288509174323319, 44.0429261885266 ], [ 5.288665217461698, 44.042740145993989 ], [ 5.288714706981114, 44.04266707975026 ], [ 5.288780735354003, 44.04260177110919 ], [ 5.288888336414342, 44.042514883955164 ], [ 5.289174320479181, 44.042363038910821 ], [ 5.289513552967938, 44.042231688491853 ], [ 5.289718324077449, 44.042140066405963 ], [ 5.289819669757891, 44.042083922479151 ], [ 5.28990344615746, 44.042025444912596 ], [ 5.289976991685071, 44.041960878627407 ], [ 5.290029226463459, 44.041894057062621 ], [ 5.290065283993715, 44.041828474390094 ], [ 5.290131563117948, 44.041769462400538 ], [ 5.290220255067766, 44.041709080937736 ], [ 5.290331540689541, 44.041651828114894 ], [ 5.290428926262425, 44.041590364142877 ], [ 5.29059174083064, 44.041479809898625 ], [ 5.290667815399691, 44.041416090593444 ], [ 5.290857125634528, 44.041281571181749 ], [ 5.291069880891534, 44.041202384834882 ], [ 5.291310619580311, 44.041198244995897 ], [ 5.291398898429238, 44.041220707166516 ], [ 5.291489345850175, 44.041235020340672 ], [ 5.291572885839731, 44.041201757360007 ], [ 5.291598295972068, 44.041150803373462 ], [ 5.29161403461091, 44.041076641742634 ], [ 5.291617084394181, 44.040997343477947 ], [ 5.291606922307087, 44.040930927351567 ], [ 5.291494962007662, 44.04053709987091 ], [ 5.291476705480317, 44.040517673559137 ], [ 5.291419566587773, 44.040431532111917 ], [ 5.291361483133172, 44.040259873326264 ], [ 5.291343815265751, 44.040099973771618 ], [ 5.291341804424392, 44.04001898074516 ], [ 5.291367954570353, 44.039955405880384 ], [ 5.291530521756626, 44.039745812456118 ], [ 5.291575792968652, 44.039661128169421 ], [ 5.291656591387804, 44.039466752672823 ], [ 5.291748886859866, 44.039309952735366 ], [ 5.291804641249446, 44.039237654278992 ], [ 5.292113877693592, 44.039043896408266 ], [ 5.292165620629857, 44.038995992318227 ], [ 5.292285692142911, 44.03881610036548 ], [ 5.292356059712352, 44.03864175144701 ], [ 5.292377452753612, 44.038553065087704 ], [ 5.292373976103967, 44.038466700487874 ], [ 5.29235385257725, 44.038369879937271 ], [ 5.292308895789423, 44.038276280763625 ], [ 5.292182294054866, 44.03810785867924 ], [ 5.292125047880089, 44.038019018823569 ], [ 5.29208276697776, 44.037929865486909 ], [ 5.292070162879732, 44.037833787815849 ], [ 5.292075756912346, 44.037445602832868 ], [ 5.292053067677826, 44.037347035263501 ], [ 5.292058538384963, 44.037265885648964 ], [ 5.292263495800658, 44.037055403327457 ], [ 5.292316893472329, 44.036924628719234 ], [ 5.292387968950047, 44.036581892348501 ], [ 5.292488092724528, 44.036309678132582 ], [ 5.292512682607904, 44.036207419034305 ], [ 5.292533252420376, 44.036005301011393 ], [ 5.292555456647017, 44.035905793063556 ], [ 5.29259768594063, 44.035807666342876 ], [ 5.292655277991192, 44.035719122005183 ], [ 5.292886979455554, 44.035553097621182 ], [ 5.292971410577559, 44.035480197717796 ], [ 5.292957325677073, 44.035409362169432 ], [ 5.292837796624004, 44.035261501934187 ], [ 5.292784655573119, 44.035181580469789 ], [ 5.292744978458227, 44.035095074160552 ], [ 5.292600163608368, 44.034908126447768 ], [ 5.292146199919888, 44.034513362626605 ], [ 5.292121379787827, 44.03442384377049 ], [ 5.292129504897829, 44.034315627043895 ], [ 5.292149866909969, 44.034232364841515 ], [ 5.292269831127643, 44.03395703434272 ], [ 5.292293012708646, 44.033881816544053 ], [ 5.292315288949527, 44.033784108021557 ], [ 5.292300988019035, 44.033707874683259 ], [ 5.292301397614492, 44.033625030460094 ], [ 5.292346140050939, 44.033558364845142 ], [ 5.292457604424453, 44.033474994765903 ], [ 5.292598241662436, 44.03321723858415 ], [ 5.292713963599574, 44.033053644565975 ], [ 5.292766238796882, 44.032957108165945 ], [ 5.292806044018574, 44.032860833042342 ], [ 5.292821199298874, 44.032772277532047 ], [ 5.292825147295539, 44.032653343705753 ], [ 5.292842998212311, 44.032600747197066 ], [ 5.292972693699482, 44.032505289522561 ], [ 5.29307815839012, 44.032458960396411 ], [ 5.29317285572971, 44.032455175019287 ], [ 5.29327037302646, 44.032459433941646 ], [ 5.293368557677718, 44.032449272595471 ], [ 5.293846437202945, 44.032446458508844 ], [ 5.294012522993675, 44.032479892455456 ], [ 5.294170184919357, 44.032490092703448 ], [ 5.294713015973424, 44.032488614152655 ], [ 5.295102795902543, 44.03249844681369 ], [ 5.295255615217769, 44.032512348630192 ], [ 5.29535749007393, 44.032531820884216 ], [ 5.295947578387213, 44.032649996861338 ], [ 5.296073957971791, 44.032658149615379 ], [ 5.296167567305591, 44.032627372835137 ], [ 5.296498531918827, 44.032447552473258 ], [ 5.296622516764217, 44.032396329223772 ], [ 5.296716379329626, 44.03237184936583 ], [ 5.296890192815359, 44.032349292695372 ], [ 5.297096499855811, 44.032327854368347 ], [ 5.297278194024948, 44.032315035903551 ], [ 5.297499223369546, 44.032256371785266 ], [ 5.297703061767955, 44.032173757723442 ], [ 5.297779756405609, 44.032156840559935 ], [ 5.297866898562652, 44.032151408986536 ], [ 5.297962066963194, 44.032159314607178 ], [ 5.298040286125767, 44.032180181561039 ], [ 5.298272183280147, 44.032267150569687 ], [ 5.29834350180197, 44.032302568477178 ], [ 5.298434118342294, 44.03232137397206 ], [ 5.298736210753811, 44.032323131325974 ], [ 5.298835604846881, 44.032312039253128 ], [ 5.299035652091026, 44.032259215155705 ], [ 5.299185348318193, 44.032195743658818 ], [ 5.299275674327841, 44.032114611387399 ], [ 5.299381169240723, 44.031976435769003 ], [ 5.299436640515738, 44.031928449819127 ], [ 5.299712446079242, 44.031711962343493 ], [ 5.29986503259597, 44.031565593365642 ], [ 5.299960696016021, 44.031523965437508 ], [ 5.300070475359601, 44.03149194496909 ], [ 5.300147459043157, 44.031482223154079 ], [ 5.300272408014871, 44.031485899142439 ], [ 5.300681431364192, 44.031508813086667 ], [ 5.300780037902994, 44.031540054064642 ], [ 5.300865400604649, 44.031583278513921 ], [ 5.300949952640267, 44.031637324619105 ], [ 5.301121780277995, 44.031720148467933 ], [ 5.301260340552033, 44.031813576027801 ], [ 5.301439847190301, 44.031962866729913 ], [ 5.301544708120485, 44.032148842524357 ], [ 5.301690461038478, 44.032234915187182 ], [ 5.30184372184024, 44.032352343372338 ], [ 5.301882574549623, 44.032418154873739 ], [ 5.301914418249042, 44.032495818889387 ], [ 5.301911423985621, 44.032668756772594 ], [ 5.30186603254493, 44.032842586594619 ], [ 5.301850677409311, 44.033018485712816 ], [ 5.301780880514106, 44.033236948061514 ], [ 5.301810085118142, 44.033311066104872 ], [ 5.301890307185146, 44.033381409724036 ], [ 5.302125400036013, 44.033485411046613 ], [ 5.302191323968285, 44.033541649036003 ], [ 5.302290298539218, 44.033581884944056 ], [ 5.30257885241049, 44.033619031937199 ], [ 5.30267369654497, 44.03361883683894 ], [ 5.302777679959627, 44.033597740331231 ], [ 5.303004688908644, 44.033532636459675 ], [ 5.303115624603404, 44.033560014409979 ], [ 5.303242106433484, 44.033601471270487 ], [ 5.303365174941304, 44.03365110336172 ], [ 5.303515303834215, 44.033721775039496 ], [ 5.303577607363327, 44.033750176324709 ], [ 5.303760804056217, 44.033866971866793 ], [ 5.303919643826347, 44.033998686238299 ], [ 5.30403560356982, 44.034150211538524 ], [ 5.304122909709642, 44.034333853819575 ], [ 5.304188580437996, 44.034507146955576 ], [ 5.304326342324204, 44.034611392543937 ], [ 5.304360648208528, 44.034688103796682 ], [ 5.304381827835252, 44.034872238125644 ], [ 5.304473805939986, 44.035017064997078 ], [ 5.304537858802227, 44.035088647780086 ], [ 5.304634625721392, 44.03516674466448 ], [ 5.304731438463332, 44.035215127560107 ], [ 5.304803492877688, 44.035268533826951 ], [ 5.30484737551934, 44.035335138944205 ], [ 5.304859381639608, 44.035415921373549 ], [ 5.304856214111568, 44.035584361493179 ], [ 5.304870131798458, 44.035650697388249 ], [ 5.304902090611539, 44.035731059552951 ], [ 5.304929516624859, 44.035884449003056 ], [ 5.30508352335346, 44.036266573043783 ], [ 5.305090760290049, 44.036352858323482 ], [ 5.305076724526663, 44.036437790936681 ], [ 5.305074203525827, 44.036529684136667 ], [ 5.30504564945742, 44.036718467795801 ], [ 5.305005471085379, 44.036897591996727 ], [ 5.30494141613282, 44.037072717161138 ], [ 5.304897714444285, 44.037257317920357 ], [ 5.304871280497203, 44.037591020294741 ], [ 5.304868832046183, 44.037808066731436 ], [ 5.304889896019771, 44.037896762041107 ], [ 5.304899408567664, 44.0379775971169 ], [ 5.304885809067346, 44.038073325305547 ], [ 5.304833258453521, 44.038286024716705 ], [ 5.304817856396992, 44.038398898360832 ], [ 5.304818748480108, 44.038729324188793 ], [ 5.304805740304337, 44.039055540871729 ], [ 5.304812094181839, 44.039150848845793 ], [ 5.304990570815681, 44.04016813720817 ], [ 5.305045674164957, 44.040635181977905 ], [ 5.305115162227893, 44.041210871715165 ], [ 5.30659744757279, 44.041442554697781 ], [ 5.307547082171128, 44.041590008578261 ], [ 5.307714158153304, 44.041616198584428 ], [ 5.308606027624462, 44.041754957149728 ], [ 5.309324551492534, 44.041866753133874 ], [ 5.310234071715143, 44.042009628139652 ], [ 5.311024165575822, 44.042131607403725 ], [ 5.311605807140106, 44.042222868810917 ], [ 5.31237210090519, 44.042342640011206 ], [ 5.312428166601875, 44.041571614792325 ], [ 5.312461695689321, 44.041106300929499 ], [ 5.312566396252641, 44.03965804997641 ], [ 5.312866902753194, 44.035501772849337 ], [ 5.312920748545944, 44.034768613560061 ], [ 5.313119331608561, 44.032006508394986 ], [ 5.313251823787458, 44.030382999749811 ], [ 5.313380458151532, 44.028756872663898 ], [ 5.313891143764303, 44.027842080156944 ], [ 5.313955055373088, 44.027633638408986 ], [ 5.314123909008377, 44.027520219329581 ], [ 5.314281738743833, 44.02701266171092 ], [ 5.314480420001214, 44.026773456732386 ], [ 5.314441115556342, 44.026144014409603 ], [ 5.314407266530266, 44.025587388551571 ], [ 5.314387694981107, 44.025504966635154 ], [ 5.314320183937815, 44.025225472915267 ], [ 5.314078842341303, 44.024230244497602 ], [ 5.314164983967483, 44.024200510319069 ], [ 5.314034443225923, 44.023628822903298 ], [ 5.313980545057788, 44.02331572700944 ], [ 5.314018269373348, 44.023107839538056 ], [ 5.314065902598658, 44.022836715235059 ], [ 5.314131590958643, 44.022457162343812 ], [ 5.314170739561281, 44.022284359936215 ], [ 5.31393072054251, 44.022181390240846 ], [ 5.313359385884714, 44.021939563635165 ], [ 5.312741009208593, 44.021706832180179 ], [ 5.312461689362119, 44.021588483254448 ], [ 5.311858614718481, 44.021332913868704 ], [ 5.311302111916754, 44.021087162016279 ], [ 5.306329525770119, 44.01843242763443 ], [ 5.305676288592105, 44.018014914000645 ], [ 5.303103047423384, 44.015966727370738 ], [ 5.301866730540013, 44.014981622118874 ], [ 5.301661835797049, 44.014820263531689 ], [ 5.301619244784267, 44.014785144473983 ], [ 5.301606342832666, 44.014774611376531 ], [ 5.300999973406648, 44.014434419236373 ], [ 5.300382101521248, 44.014087262812936 ], [ 5.299519124329589, 44.013602095760618 ], [ 5.298264806485904, 44.012446260007238 ], [ 5.295866624598903, 44.010240277636299 ], [ 5.295628245745608, 44.010021087268143 ], [ 5.295069813148969, 44.009506086291701 ], [ 5.293951412149673, 44.008530131595421 ], [ 5.293274012924533, 44.007941085761772 ], [ 5.292967601615021, 44.00767379615165 ], [ 5.292303695775963, 44.007047546808209 ], [ 5.29225587732812, 44.007006231448457 ], [ 5.292065850640937, 44.006840943689475 ], [ 5.291898891610668, 44.006659865902662 ], [ 5.291744449977722, 44.006448813293304 ], [ 5.291638204816287, 44.006257459246456 ], [ 5.291609188226339, 44.006156325059763 ], [ 5.291600696744945, 44.006131292531968 ], [ 5.2914322814061, 44.006006968193617 ], [ 5.29138111970511, 44.00591350092111 ], [ 5.291083637320992, 44.005371406032879 ], [ 5.290506647398301, 44.004361569098776 ], [ 5.290256747248717, 44.003978742368943 ], [ 5.289937685107415, 44.003519931459671 ], [ 5.289829158568403, 44.003364638830703 ], [ 5.289664652751791, 44.003088968041389 ], [ 5.289487251524679, 44.002802762593689 ], [ 5.288530100116974, 44.001332683574077 ], [ 5.288463034270849, 44.001184625645919 ], [ 5.287990747194416, 44.000232913356186 ], [ 5.287895688544003, 44.000008909542011 ], [ 5.287218432897617, 43.998424922898472 ], [ 5.287158146616947, 43.998290228276183 ], [ 5.286979637502728, 43.997882493697915 ], [ 5.286719452641444, 43.997739374144224 ], [ 5.2863699769163, 43.997546800014959 ], [ 5.286211837655292, 43.997460069575958 ], [ 5.286104810289031, 43.997403783249453 ], [ 5.28563951667046, 43.997153303535576 ], [ 5.285012769430861, 43.996795450738254 ], [ 5.284764351218535, 43.996665586445523 ], [ 5.284401056428533, 43.996439081250195 ], [ 5.284114987387452, 43.996272186749039 ], [ 5.283758578880939, 43.996279630742876 ], [ 5.283403452512101, 43.996287947166238 ], [ 5.282692586860636, 43.996289283134971 ], [ 5.2823976225595, 43.996273831279069 ], [ 5.281856980028453, 43.996259003676329 ], [ 5.281694651899668, 43.996254287590723 ], [ 5.281329757692263, 43.996236690515097 ], [ 5.280955326336453, 43.996230095535751 ], [ 5.280655234064576, 43.996211144503917 ], [ 5.280245765823506, 43.996201676371847 ], [ 5.279916557350649, 43.996203138471607 ], [ 5.279581788343879, 43.996190309672151 ], [ 5.2792136243942, 43.996184478452903 ], [ 5.278821351336218, 43.99616834405164 ], [ 5.278534405357054, 43.996166220172292 ], [ 5.278242221084592, 43.996064264320154 ], [ 5.278058347580017, 43.99595735029974 ], [ 5.277762737983315, 43.995832055132148 ], [ 5.277560281372561, 43.99572822849381 ], [ 5.277399464637425, 43.995667652084705 ], [ 5.277082121938326, 43.995497789640069 ], [ 5.276569001876543, 43.995266275935236 ], [ 5.276305188479179, 43.995125008886589 ], [ 5.275771202356023, 43.994870516571595 ], [ 5.275421444084667, 43.994731936512096 ], [ 5.275197401901285, 43.994680775888369 ], [ 5.274748660633753, 43.994843173295649 ], [ 5.271842864166802, 43.995378973237607 ], [ 5.266495377124244, 43.996301164555703 ], [ 5.261247729605794, 43.996820367377737 ], [ 5.261023626706254, 43.996830403372705 ], [ 5.259853476767348, 43.996887004339925 ], [ 5.259717350004354, 43.996819589476175 ], [ 5.259713540038656, 43.996817867490812 ], [ 5.258267149207486, 43.995978001537885 ], [ 5.257754098713757, 43.995683374599601 ], [ 5.255296237404401, 43.994148567899295 ], [ 5.253708249172329, 43.993036057730436 ], [ 5.252646230705506, 43.992292641087353 ], [ 5.25158730638846, 43.992005630074807 ], [ 5.249866625947576, 43.991540452393998 ], [ 5.249550233975209, 43.991455126148708 ], [ 5.248280065936763, 43.990965348899948 ], [ 5.247816583562098, 43.99078670457552 ], [ 5.246878271007756, 43.990426042054814 ], [ 5.244930732922625, 43.989676438265448 ], [ 5.242978155675679, 43.988924203499678 ], [ 5.241083561735139, 43.986156671003648 ], [ 5.240513098910644, 43.985824430428281 ], [ 5.240312777960092, 43.985708789315751 ], [ 5.239162918177925, 43.98475276908092 ], [ 5.239155230418969, 43.984747524459941 ], [ 5.238584848361366, 43.984829431510867 ], [ 5.237969751540714, 43.984915852233229 ], [ 5.237037276370822, 43.985049279274058 ], [ 5.236828908403406, 43.985077851769923 ], [ 5.225973077535357, 43.984380163581285 ], [ 5.225794501549213, 43.984341483222579 ], [ 5.225516564050324, 43.984249004102487 ], [ 5.225463496651929, 43.984231177171367 ], [ 5.225281777181699, 43.984080017465288 ], [ 5.225088300098248, 43.983883179443524 ], [ 5.225068662813142, 43.983859269921027 ], [ 5.224688520302458, 43.98338442377343 ], [ 5.224543375820945, 43.983211810951126 ], [ 5.224468391698245, 43.983175522388784 ], [ 5.224336252824337, 43.983112486106819 ] ] ] ] } },
{ "type": "Feature", "properties": { "INSEE_COM": "84143", "NOM": "Venasque" }, "geometry": { "type": "MultiPolygon", "coordinates": [ [ [ [ 5.182158185617613, 44.002678551362209 ], [ 5.182167364155269, 44.002657660497043 ], [ 5.18222156786339, 44.002542236297707 ], [ 5.182284530350707, 44.002427537638539 ], [ 5.182388863687653, 44.00231831575077 ], [ 5.182454731792596, 44.002214363045233 ], [ 5.182517095924669, 44.002149194668085 ], [ 5.182586426992968, 44.002037970090562 ], [ 5.182670036377613, 44.001843629620829 ], [ 5.182700603671724, 44.001664753096833 ], [ 5.182705709725762, 44.001570115949498 ], [ 5.182751468341516, 44.001429650669799 ], [ 5.182765539895715, 44.001341136939438 ], [ 5.182743708843502, 44.001259642129632 ], [ 5.182753834593483, 44.001165805149022 ], [ 5.182797927183042, 44.001046981173765 ], [ 5.183008642226208, 44.00075196696303 ], [ 5.183232146583459, 44.000562936592146 ], [ 5.183487324493082, 44.000386778404796 ], [ 5.183577557839146, 44.00030034528595 ], [ 5.183593558365807, 44.000262211730899 ], [ 5.183593574136253, 44.000164975216627 ], [ 5.183616787183825, 44.000054670839617 ], [ 5.183659980772553, 43.999912455778414 ], [ 5.183619775146761, 43.999774606983529 ], [ 5.183593623770909, 43.99964548091868 ], [ 5.183632714699837, 43.999396207973042 ], [ 5.18370543437477, 43.999275911742323 ], [ 5.183735079977691, 43.999203292995993 ], [ 5.183770858686768, 43.999095438721206 ], [ 5.1837735735857, 43.999003550375271 ], [ 5.183811115529062, 43.998909165904614 ], [ 5.183858696572774, 43.998816381616443 ], [ 5.183874184431121, 43.998732341218151 ], [ 5.183857051883866, 43.998708374318468 ], [ 5.183821437122702, 43.998657766461484 ], [ 5.183886121061791, 43.99855563729114 ], [ 5.184007818122482, 43.998476678513931 ], [ 5.184195636360457, 43.998398199660578 ], [ 5.18441804413416, 43.998278514511142 ], [ 5.184734339649087, 43.998135345238616 ], [ 5.184843916892194, 43.998065630980889 ], [ 5.184944425071317, 43.997987094464776 ], [ 5.185030982609509, 43.997902534256674 ], [ 5.185219233184432, 43.997672788784584 ], [ 5.185481808902093, 43.997429853285794 ], [ 5.185716585378498, 43.997177569099719 ], [ 5.185757624120691, 43.997044399708059 ], [ 5.185846476387729, 43.99685715488436 ], [ 5.185936735077932, 43.996771619638679 ], [ 5.186197735412332, 43.996617846971901 ], [ 5.186285707815386, 43.9965377591436 ], [ 5.186367970224443, 43.996438878388986 ], [ 5.186437597480668, 43.996335748530399 ], [ 5.186448817169761, 43.996303112176435 ], [ 5.186474995188334, 43.996237764714252 ], [ 5.186503254990961, 43.99612915959041 ], [ 5.18655249334391, 43.996014732992087 ], [ 5.186566748079247, 43.995768656813667 ], [ 5.186599578106842, 43.995649156296942 ], [ 5.186605833979049, 43.99542214710948 ], [ 5.186634928634805, 43.995270309282944 ], [ 5.186777534499708, 43.995086490563992 ], [ 5.186887831742599, 43.995003254812289 ], [ 5.187155155973287, 43.994852054334785 ], [ 5.18721314659624, 43.994770764758613 ], [ 5.187250228013303, 43.994697096048554 ], [ 5.187322485179065, 43.994565102381316 ], [ 5.187608291789147, 43.99440812906893 ], [ 5.187760576863655, 43.994314148758519 ], [ 5.18780976801134, 43.994296058253134 ], [ 5.187899496012286, 43.994261850998022 ], [ 5.188022315431367, 43.994244988208322 ], [ 5.188129075260897, 43.994199635964101 ], [ 5.18824854113526, 43.994127919677304 ], [ 5.188494114961931, 43.994027569780101 ], [ 5.188853223507502, 43.99399337211446 ], [ 5.188955306288322, 43.993988627682 ], [ 5.189069161824596, 43.993933228790816 ], [ 5.189390125821444, 43.993847573595474 ], [ 5.189471578279492, 43.993825235056782 ], [ 5.189636178524149, 43.993792228185917 ], [ 5.189977835261613, 43.993823200285206 ], [ 5.190117579382153, 43.993824903171358 ], [ 5.190275601185039, 43.993815435770784 ], [ 5.190442070873328, 43.993766184220128 ], [ 5.190580917066104, 43.993712083787834 ], [ 5.190903158298673, 43.993627298840423 ], [ 5.191124942446343, 43.993589542626815 ], [ 5.191339629819931, 43.99356183185288 ], [ 5.191754673359619, 43.993490490262907 ], [ 5.191976317512975, 43.993481545809011 ], [ 5.192162826403694, 43.993499414978508 ], [ 5.192402954835082, 43.993549521173918 ], [ 5.192484750984181, 43.993665824996334 ], [ 5.192647132724105, 43.993899357109541 ], [ 5.192680156159955, 43.993947313008775 ], [ 5.193283518592373, 43.994815740596479 ], [ 5.193416826200962, 43.994779754326714 ], [ 5.193488031872482, 43.994750415630143 ], [ 5.193551240915559, 43.994707732263912 ], [ 5.193621961179731, 43.994633386441251 ], [ 5.193672742750765, 43.994591852637356 ], [ 5.193695727709725, 43.994573384828421 ], [ 5.193808818463676, 43.994530600955031 ], [ 5.193969956751531, 43.994504859677669 ], [ 5.194142864001973, 43.994460875303865 ], [ 5.194287939288679, 43.994406645119639 ], [ 5.194406220948738, 43.994336746386374 ], [ 5.1945428495531, 43.994289888045849 ], [ 5.194792219712661, 43.994158836192 ], [ 5.194903474792713, 43.994133194384794 ], [ 5.194981845317281, 43.994128019942231 ], [ 5.195165413102113, 43.994101826647309 ], [ 5.195454592198838, 43.994032997593429 ], [ 5.195654635397966, 43.993981263282961 ], [ 5.195877974193963, 43.993919157105239 ], [ 5.195921243550092, 43.993909284836597 ], [ 5.196104636861669, 43.993878591770248 ], [ 5.196364254358341, 43.993851769418875 ], [ 5.196567724650055, 43.993824273650233 ], [ 5.197049536359439, 43.993738065590591 ], [ 5.197461734817297, 43.993657756021314 ], [ 5.197661462651389, 43.993597921300193 ], [ 5.19784280703794, 43.993514146626289 ], [ 5.198000265671198, 43.993425449753275 ], [ 5.198293649803634, 43.993239484843713 ], [ 5.198445018212628, 43.993186923199978 ], [ 5.198930174861746, 43.993058323663789 ], [ 5.19910826678418, 43.993019629069217 ], [ 5.199570650300661, 43.992947305498134 ], [ 5.200014795992578, 43.992919463381405 ], [ 5.200489022459076, 43.992895515802154 ], [ 5.201125694531932, 43.992847588565034 ], [ 5.201957047311625, 43.99283535227994 ], [ 5.202115992417988, 43.99278533391611 ], [ 5.202253335652139, 43.992724946333503 ], [ 5.20241618700065, 43.992646938398963 ], [ 5.20254643519822, 43.992596597054217 ], [ 5.20273521127545, 43.992511764076404 ], [ 5.202779794057014, 43.992503663273418 ], [ 5.202991909849126, 43.992474180578775 ], [ 5.203382315219187, 43.992378981726866 ], [ 5.20370870813275, 43.99224095501522 ], [ 5.203876199010967, 43.992186260131582 ], [ 5.204015857238473, 43.992121321943792 ], [ 5.204224643644898, 43.992070295831063 ], [ 5.204687075835666, 43.991967337924024 ], [ 5.204890632947991, 43.991910113593121 ], [ 5.205331732225925, 43.991771569574439 ], [ 5.205692333801652, 43.991712076607016 ], [ 5.205964286172717, 43.991649869219081 ], [ 5.206417273043154, 43.99159301167758 ], [ 5.206658253211923, 43.991568341367199 ], [ 5.207336383712208, 43.991560956501722 ], [ 5.207776323412975, 43.991521463102394 ], [ 5.207986977731784, 43.991486598089388 ], [ 5.208227747627642, 43.991456526514895 ], [ 5.20875088737953, 43.991375734006695 ], [ 5.209196208976261, 43.991282105815635 ], [ 5.209516848775024, 43.991189194620141 ], [ 5.209657091088021, 43.99113954304363 ], [ 5.210321279929419, 43.990837110141399 ], [ 5.210526342534731, 43.990754635242872 ], [ 5.211030446383466, 43.990601289049152 ], [ 5.211285106395161, 43.990511507406346 ], [ 5.211530833535003, 43.990416503798578 ], [ 5.211764856309395, 43.990309131635719 ], [ 5.212003489354179, 43.990224174170791 ], [ 5.212190997419576, 43.990139350197467 ], [ 5.212359440691515, 43.990077420118645 ], [ 5.2125053144827, 43.990012345107942 ], [ 5.212697059602254, 43.989972451468155 ], [ 5.213013726520819, 43.989938132271568 ], [ 5.213257293798513, 43.989916095902174 ], [ 5.214014744137166, 43.989832335452391 ], [ 5.214371226164692, 43.989827817634783 ], [ 5.214448028337463, 43.989814557807357 ], [ 5.214642833060834, 43.989725080075146 ], [ 5.214926829746048, 43.989620290168723 ], [ 5.215072117687631, 43.989572329990004 ], [ 5.21530815845905, 43.989517128914414 ], [ 5.215716142780594, 43.989426030912242 ], [ 5.215826994473893, 43.989390471951531 ], [ 5.21593451444036, 43.98933337224215 ], [ 5.216056370494516, 43.98929218798677 ], [ 5.216183896971336, 43.989236483223685 ], [ 5.216601617367047, 43.989011033879414 ], [ 5.216776759041037, 43.988929153601376 ], [ 5.217130079105735, 43.98874732380974 ], [ 5.217248404886876, 43.988711611821742 ], [ 5.217317168614634, 43.988684107512739 ], [ 5.217450698731268, 43.988590465212674 ], [ 5.217639838011301, 43.988387654093373 ], [ 5.217701740869601, 43.988344082571665 ], [ 5.217912342368086, 43.988308298876511 ], [ 5.218077386008842, 43.988255432181347 ], [ 5.218180267557688, 43.98820742770836 ], [ 5.218372694406158, 43.988089180546766 ], [ 5.218624964984932, 43.987970619081445 ], [ 5.218762999839833, 43.98789669121215 ], [ 5.218925794610336, 43.987850171224821 ], [ 5.219109876664216, 43.987805919968686 ], [ 5.219333781188375, 43.987727547506687 ], [ 5.219709599389989, 43.987579465445251 ], [ 5.219846261072534, 43.987534374939671 ], [ 5.219966549074235, 43.987485115009221 ], [ 5.22007520219478, 43.987425287106866 ], [ 5.220185400948533, 43.987341118524057 ], [ 5.220831695209402, 43.986677947405454 ], [ 5.22114636819063, 43.986369041046395 ], [ 5.221167814471962, 43.986343395843441 ], [ 5.221236802723401, 43.986289774591121 ], [ 5.221334149320739, 43.986259886326259 ], [ 5.221514098235487, 43.986269735294755 ], [ 5.22173858735807, 43.986270575838169 ], [ 5.221848498788626, 43.986243132805804 ], [ 5.22193431542834, 43.986205375243699 ], [ 5.222210841995829, 43.986037694006924 ], [ 5.222645995146109, 43.985748842901089 ], [ 5.222901827887712, 43.985530261171171 ], [ 5.223025233303546, 43.98543321638752 ], [ 5.223083917238943, 43.985403212294969 ], [ 5.223157289923973, 43.985334194869935 ], [ 5.223178454195989, 43.985301352275521 ], [ 5.223279049521052, 43.984619550087736 ], [ 5.223339839623687, 43.984387826932121 ], [ 5.223363338389687, 43.984191075032022 ], [ 5.223385012576132, 43.983883618502496 ], [ 5.223437413448836, 43.983628657151918 ], [ 5.223608791193434, 43.983418994024362 ], [ 5.223784256603579, 43.98334609904294 ], [ 5.223894635149907, 43.983298836900929 ], [ 5.224336252824337, 43.983112486106819 ], [ 5.224114495426624, 43.983021561656926 ], [ 5.223944786530751, 43.982922375314772 ], [ 5.22380229551449, 43.982913569342202 ], [ 5.223717029056274, 43.982933310453575 ], [ 5.223650907573029, 43.982964366514004 ], [ 5.223574011485791, 43.982974933875752 ], [ 5.22282575759966, 43.982972142836232 ], [ 5.222713414281077, 43.982969024862243 ], [ 5.222538599568984, 43.982962675075214 ], [ 5.222345344669591, 43.982835154144645 ], [ 5.222197469654051, 43.982720215597475 ], [ 5.221761837529399, 43.982228481340748 ], [ 5.221768772703859, 43.982118499169353 ], [ 5.22181768271693, 43.981997760253947 ], [ 5.221790132665896, 43.981994718789764 ], [ 5.221718136823847, 43.981907048449123 ], [ 5.221694705093064, 43.981561794932865 ], [ 5.221708748590953, 43.981410252826301 ], [ 5.221800859745795, 43.981310244119975 ], [ 5.221841784206919, 43.981208574610733 ], [ 5.22184076939058, 43.981118561486952 ], [ 5.221621901168892, 43.981037477319148 ], [ 5.221364845673, 43.981064308792178 ], [ 5.220896458780248, 43.98120347342585 ], [ 5.220682268718137, 43.981274449333782 ], [ 5.22052152676931, 43.981373150029498 ], [ 5.220388404072215, 43.981476691568851 ], [ 5.220232329242481, 43.981567194006402 ], [ 5.220118092712877, 43.981579417607186 ], [ 5.219953814466591, 43.981523331279185 ], [ 5.219826582557318, 43.98142597734229 ], [ 5.219721777026913, 43.981328167934834 ], [ 5.219678970527954, 43.981189484848272 ], [ 5.219678114510312, 43.981135482021138 ], [ 5.21971218265624, 43.981017746538917 ], [ 5.219745055113052, 43.980933347785808 ], [ 5.219740496441212, 43.980880320481603 ], [ 5.219536232320718, 43.980789932340507 ], [ 5.21937750083968, 43.980748138001772 ], [ 5.219128311219237, 43.980720784350744 ], [ 5.21894499280947, 43.980720003605356 ], [ 5.218728581380653, 43.980701887450678 ], [ 5.218572937716631, 43.98067533501132 ], [ 5.218404639948223, 43.980676049213955 ], [ 5.218016712218008, 43.980736139804598 ], [ 5.217816651583076, 43.980753703556893 ], [ 5.217654918832304, 43.980730874685577 ], [ 5.217469626601813, 43.980647300609078 ], [ 5.217162849163414, 43.980453648135779 ], [ 5.216994888188584, 43.980430944626882 ], [ 5.216686185042209, 43.980508330909053 ], [ 5.216576863387432, 43.9805186505045 ], [ 5.216422270621925, 43.980519083792174 ], [ 5.216237217350589, 43.980505728998914 ], [ 5.216107695133493, 43.980541667018834 ], [ 5.214843833188612, 43.980938217384676 ], [ 5.214772096491503, 43.980953175717318 ], [ 5.21469658716337, 43.980967310092673 ], [ 5.214450449775033, 43.980954289332864 ], [ 5.214393965798057, 43.980944629416207 ], [ 5.214317570503509, 43.98090386104154 ], [ 5.214205067653053, 43.980832312202999 ], [ 5.214116002873542, 43.980690062464838 ], [ 5.214118633049329, 43.980597274718946 ], [ 5.214196364878529, 43.980511969283306 ], [ 5.214616533326748, 43.980318889988453 ], [ 5.214751586235669, 43.980264835009251 ], [ 5.214882342011483, 43.980196461563011 ], [ 5.215033031260019, 43.980127684081843 ], [ 5.215146821093959, 43.980039846696897 ], [ 5.215231059599769, 43.979961611343896 ], [ 5.215271098564941, 43.979868965880975 ], [ 5.215247052216957, 43.979795625698131 ], [ 5.215131976090316, 43.979689917309088 ], [ 5.214905447926402, 43.979539649526991 ], [ 5.214764362447261, 43.979470481117168 ], [ 5.214189947591596, 43.979640575494429 ], [ 5.213852439490701, 43.979778859543295 ], [ 5.213735119537173, 43.979775833268512 ], [ 5.213624669007088, 43.979724950065105 ], [ 5.213522695105516, 43.979667592786583 ], [ 5.213313217273552, 43.97957099660016 ], [ 5.213138845005436, 43.979511503377168 ], [ 5.21299131093742, 43.979500984966315 ], [ 5.212846757541049, 43.979503010696781 ], [ 5.212701726537825, 43.979524853244094 ], [ 5.212228266890524, 43.979629870448868 ], [ 5.212061054355631, 43.979658463328803 ], [ 5.21176284175329, 43.979652792677953 ], [ 5.210453233537831, 43.978194631535331 ], [ 5.210448359758302, 43.978101095527563 ], [ 5.210616189737513, 43.976513117777017 ], [ 5.210634596379363, 43.976280460051782 ], [ 5.210582178237541, 43.97608614816626 ], [ 5.210491026864466, 43.975857506608222 ], [ 5.210379091878004, 43.975671600823787 ], [ 5.210229261564745, 43.975472956204378 ], [ 5.210196144580252, 43.97535838345015 ], [ 5.210218708371158, 43.975136445893035 ], [ 5.210207586728696, 43.974978212578563 ], [ 5.210175725678527, 43.974896026361094 ], [ 5.210085593588495, 43.974822220909729 ], [ 5.209931041375859, 43.974791132948226 ], [ 5.209748220739391, 43.974770519846807 ], [ 5.209574564236171, 43.974729013612539 ], [ 5.209487327139716, 43.974729876581989 ], [ 5.209336059501322, 43.974687017112487 ], [ 5.209148786406082, 43.974583662648556 ], [ 5.209099730748406, 43.974508125970942 ], [ 5.209036177549657, 43.974315839369204 ], [ 5.209004988170855, 43.974154410293309 ], [ 5.209001406889858, 43.974094160574133 ], [ 5.208698988314331, 43.973914803573408 ], [ 5.208387651311094, 43.973762635848473 ], [ 5.208232606294528, 43.973686539076041 ], [ 5.207282402767174, 43.972231892357051 ], [ 5.207590015326896, 43.970871587132244 ], [ 5.207387922501348, 43.968903952397362 ], [ 5.207368533346791, 43.968853925681159 ], [ 5.207309808824859, 43.968689451553104 ], [ 5.207327849657029, 43.968608057859242 ], [ 5.207363197936569, 43.968555125082808 ], [ 5.207629289272002, 43.96847322330585 ], [ 5.20755854304582, 43.968384619550982 ], [ 5.206988600608218, 43.967669566123298 ], [ 5.206683538080241, 43.967549679903513 ], [ 5.206635265564588, 43.967526345684057 ], [ 5.206412560293801, 43.967440809044092 ], [ 5.206093555094367, 43.967314900422572 ], [ 5.20597901588435, 43.967254189438101 ], [ 5.205880565082536, 43.967190452672078 ], [ 5.205538382339309, 43.966916456663427 ], [ 5.205406767803277, 43.96676875818234 ], [ 5.205245851763424, 43.966636956286472 ], [ 5.204997865106208, 43.966413277041369 ], [ 5.204859301582649, 43.96627922304981 ], [ 5.204704094199734, 43.966133800424863 ], [ 5.204643006821994, 43.966036897303532 ], [ 5.204578704744805, 43.965953563859728 ], [ 5.204408267495083, 43.965768833816398 ], [ 5.204346178922409, 43.96567825302742 ], [ 5.204231340732326, 43.965480697202224 ], [ 5.204185855714832, 43.965368173731221 ], [ 5.20414020341588, 43.965283563654836 ], [ 5.204080176790153, 43.965117314008232 ], [ 5.20398131761971, 43.964881622211706 ], [ 5.203832818236889, 43.964683844579412 ], [ 5.203804130061456, 43.964651111089715 ], [ 5.203769306167163, 43.964556379021339 ], [ 5.203733521215144, 43.9645012805383 ], [ 5.203615241346712, 43.964375819516327 ], [ 5.20354433868942, 43.964315126765079 ], [ 5.20330130512591, 43.964219190268714 ], [ 5.203063665747629, 43.964101536780994 ], [ 5.203023282042907, 43.964056434345146 ], [ 5.202822766031578, 43.963931729816899 ], [ 5.202631797956469, 43.963796028658301 ], [ 5.202525015050925, 43.963709949059364 ], [ 5.202430583288083, 43.963620919506845 ], [ 5.20231030894261, 43.963540513524642 ], [ 5.20221284151982, 43.9635019630052 ], [ 5.201992823309808, 43.963420865479172 ], [ 5.201812319460503, 43.963362379844774 ], [ 5.201465087729146, 43.963279342445524 ], [ 5.200367668549971, 43.962813467970882 ], [ 5.200269986950474, 43.962704695064289 ], [ 5.199299418768379, 43.96161683626201 ], [ 5.199021159366092, 43.961285715837967 ], [ 5.198780218498263, 43.960823297699086 ], [ 5.198453658528652, 43.960370704472766 ], [ 5.198415317929017, 43.960281443824485 ], [ 5.197809530447296, 43.958857620083769 ], [ 5.197798001294336, 43.958752514726015 ], [ 5.197764751226351, 43.958698264004745 ], [ 5.197729634511393, 43.958660256539041 ], [ 5.197714030949925, 43.95864346428656 ], [ 5.197601414073302, 43.958502578410503 ], [ 5.197506057275934, 43.958324432344128 ], [ 5.197439838207145, 43.958255539092015 ], [ 5.197184136785503, 43.958056308265455 ], [ 5.196940789336999, 43.957886539017913 ], [ 5.196788945246618, 43.957730235314223 ], [ 5.196672975344319, 43.957566908113805 ], [ 5.196611419206605, 43.957360172197454 ], [ 5.196595708100608, 43.957275858203381 ], [ 5.196578710642988, 43.957093435532208 ], [ 5.196587077422079, 43.957019441380488 ], [ 5.196582366799627, 43.956929504389741 ], [ 5.196589488188465, 43.956855535277079 ], [ 5.196552290051414, 43.956698727554659 ], [ 5.196507520207791, 43.956604193867406 ], [ 5.196389615064503, 43.95642289910591 ], [ 5.196199130192972, 43.956169236979811 ], [ 5.195940184364455, 43.955853027885894 ], [ 5.195880125737789, 43.955749798087233 ], [ 5.195796331634045, 43.955548010462159 ], [ 5.19574360371957, 43.95537620932754 ], [ 5.195650989461056, 43.955171897934115 ], [ 5.195605839740842, 43.955035056823377 ], [ 5.19557203820474, 43.954934000319383 ], [ 5.19551727419287, 43.954838766869159 ], [ 5.195368271876796, 43.954529351046624 ], [ 5.195316823314727, 43.954293601789253 ], [ 5.195225384315921, 43.953990231994702 ], [ 5.195208847784401, 43.953949149715577 ], [ 5.195052172471224, 43.953699308603689 ], [ 5.195068276823243, 43.953308248639409 ], [ 5.195090618854192, 43.953208765262815 ], [ 5.19511334170456, 43.95311917769272 ], [ 5.195269542020247, 43.952806331717071 ], [ 5.195486269322362, 43.952382431154938 ], [ 5.1955615962042, 43.952137832912051 ], [ 5.195734848916111, 43.951232237360969 ], [ 5.195775305000262, 43.95095592851105 ], [ 5.195850866084295, 43.950620393871844 ], [ 5.195868013536641, 43.950450790411324 ], [ 5.195901419740198, 43.950315072117931 ], [ 5.195692326838572, 43.950321974849111 ], [ 5.195417860595512, 43.950346396302926 ], [ 5.195355391825031, 43.950342249521405 ], [ 5.194964913301827, 43.95039600998917 ], [ 5.1945305406698, 43.950474959055633 ], [ 5.194273471713293, 43.950498127897603 ], [ 5.193985963441214, 43.950507502316391 ], [ 5.193889665914098, 43.950498632052309 ], [ 5.193579742276254, 43.950411221714795 ], [ 5.193544737654328, 43.950408323177804 ], [ 5.193412917103307, 43.950415470915566 ], [ 5.193140940052705, 43.95047224789765 ], [ 5.192898190571533, 43.950446509230929 ], [ 5.192805836519704, 43.950442960749676 ], [ 5.1927065299526, 43.95045305638817 ], [ 5.192535795826025, 43.950485292360625 ], [ 5.192050746125709, 43.950510329310937 ], [ 5.191773718425679, 43.950500581102773 ], [ 5.191598730106343, 43.95048698503124 ], [ 5.191428065989034, 43.950456196036249 ], [ 5.191229003865818, 43.950432278442655 ], [ 5.191034611752498, 43.950400164044879 ], [ 5.190953846126217, 43.950373873846985 ], [ 5.190866093060245, 43.950360328051254 ], [ 5.190751395574269, 43.950326615239128 ], [ 5.190325287910616, 43.950328855318482 ], [ 5.190041313004014, 43.950235513065223 ], [ 5.189800705775816, 43.950297955118273 ], [ 5.18967372594089, 43.950333811285134 ], [ 5.189515131852765, 43.950357696432306 ], [ 5.18911530959822, 43.950395417520234 ], [ 5.188838174833784, 43.950447785486539 ], [ 5.188454879661625, 43.95055899855813 ], [ 5.188318419829351, 43.950607647343297 ], [ 5.188178848013348, 43.950640152680194 ], [ 5.187714371525796, 43.950714275418477 ], [ 5.187587527480551, 43.950753727649392 ], [ 5.187286030629904, 43.950885806685349 ], [ 5.187152128492106, 43.950936203411402 ], [ 5.187008954176167, 43.951004791761285 ], [ 5.186842882269684, 43.95106123382574 ], [ 5.186550895626858, 43.951181416425101 ], [ 5.186284988919631, 43.951299275805447 ], [ 5.186220611777792, 43.95134287843166 ], [ 5.18595086444591, 43.951458112890471 ], [ 5.185830278252808, 43.951498338165095 ], [ 5.185706891089702, 43.951530516536756 ], [ 5.185441889932283, 43.951574530256558 ], [ 5.185242886727393, 43.951617223502602 ], [ 5.185139491958669, 43.951650802030173 ], [ 5.18503274044646, 43.95169435099416 ], [ 5.184962760492093, 43.951721859311256 ], [ 5.184853695059523, 43.951737544746159 ], [ 5.18457956666132, 43.95173852395375 ], [ 5.184243549614282, 43.951783054162362 ], [ 5.183819487456896, 43.951904068691292 ], [ 5.183545135737905, 43.951996881369446 ], [ 5.183364395278674, 43.952028402490285 ], [ 5.18318054420663, 43.952043779877975 ], [ 5.183083930295258, 43.952059214755309 ], [ 5.182801622992423, 43.952139580137754 ], [ 5.182526344787532, 43.952175689205937 ], [ 5.182287976709471, 43.952199356422291 ], [ 5.181681215933494, 43.952235780716833 ], [ 5.181351798540958, 43.952290073583789 ], [ 5.1812487509261, 43.952300233398283 ], [ 5.181013181974, 43.952331944725046 ], [ 5.180743708389755, 43.952389540834155 ], [ 5.180565318093151, 43.952417409139038 ], [ 5.180386239734724, 43.95242728469416 ], [ 5.180203872587225, 43.952448929591604 ], [ 5.180111199343044, 43.952469685046573 ], [ 5.1800852205597, 43.952474704891628 ], [ 5.179394586621788, 43.95259921937366 ], [ 5.179268084110575, 43.952615246949193 ], [ 5.179036565788921, 43.952622564850309 ], [ 5.178925075193734, 43.952640093288856 ], [ 5.17881337034342, 43.952684635150661 ], [ 5.178717269688302, 43.952713560527805 ], [ 5.178601003898387, 43.952736585692634 ], [ 5.178374603568686, 43.952747401377835 ], [ 5.178284599810527, 43.952740192477364 ], [ 5.177937802585357, 43.952829033128772 ], [ 5.176951716330415, 43.9530818622098 ], [ 5.176785079019254, 43.953123895069986 ], [ 5.17670364537366, 43.953145324009036 ], [ 5.176220300582927, 43.953509672464428 ], [ 5.176057912279753, 43.953565124198953 ], [ 5.175974879595751, 43.953609992445195 ], [ 5.17570433604407, 43.953737821315727 ], [ 5.175470307081255, 43.953908137381063 ], [ 5.175433487075939, 43.953955686428451 ], [ 5.175305430729337, 43.954061771129417 ], [ 5.175220651005084, 43.954158891460679 ], [ 5.175165013682638, 43.954203213751867 ], [ 5.174919625931193, 43.954402564584917 ], [ 5.174828319907196, 43.954459300613571 ], [ 5.174744039634795, 43.954504192732571 ], [ 5.174618663646516, 43.954549902597364 ], [ 5.174568566005084, 43.954576108167608 ], [ 5.174464668918915, 43.954629493206809 ], [ 5.174346661471408, 43.954672355203989 ], [ 5.174227134133186, 43.954708044843578 ], [ 5.174088412321065, 43.95473061160024 ], [ 5.173911987698571, 43.954744925140361 ], [ 5.173301881030607, 43.954759761491232 ], [ 5.173101497607527, 43.954734036336475 ], [ 5.172842286963024, 43.954668966672955 ], [ 5.172575936451177, 43.954547318960152 ], [ 5.172510346043172, 43.95446129310028 ], [ 5.172416456220581, 43.954384832879839 ], [ 5.172123077193063, 43.954207902378876 ], [ 5.171940257168569, 43.954119704821956 ], [ 5.171854765578867, 43.954067385540334 ], [ 5.171798430180477, 43.954027991350713 ], [ 5.171519885790556, 43.953782341165713 ], [ 5.17125919874336, 43.953612861630361 ], [ 5.170957726622643, 43.953452294560691 ], [ 5.170748417165448, 43.953355618325268 ], [ 5.170571554549561, 43.95326009782282 ], [ 5.170399284335645, 43.953186993500296 ], [ 5.170123758082255, 43.953118640481129 ], [ 5.170030031866592, 43.953079087688366 ], [ 5.169970797359115, 43.953028946520483 ], [ 5.169048665222434, 43.952703337421312 ], [ 5.168748045715773, 43.952597666282678 ], [ 5.168467591223392, 43.952497896324459 ], [ 5.166989694439499, 43.951976227621316 ], [ 5.165962770501569, 43.951613958367155 ], [ 5.165859190061018, 43.951577298379185 ], [ 5.16559773194632, 43.951485247527927 ], [ 5.165245917476285, 43.951409391406258 ], [ 5.1649979906791, 43.951378291697807 ], [ 5.164881719693008, 43.951335580119682 ], [ 5.164660471947845, 43.951285044712584 ], [ 5.164382607817921, 43.951220325143396 ], [ 5.164234014734717, 43.951278186800408 ], [ 5.164193877231596, 43.951304190256586 ], [ 5.164097498396157, 43.951325905736205 ], [ 5.163792769863018, 43.951374254645387 ], [ 5.163623790448315, 43.951387503972768 ], [ 5.16354073367263, 43.951399051835182 ], [ 5.163256730054163, 43.951435284944282 ], [ 5.163101379929897, 43.951446463031814 ], [ 5.162800539202223, 43.951531644620012 ], [ 5.162680107107759, 43.951576342493901 ], [ 5.162551435567164, 43.951633807540645 ], [ 5.162003773500903, 43.951815702256454 ], [ 5.161842570878312, 43.951836897660058 ], [ 5.161727665309419, 43.951830167852592 ], [ 5.161599829730956, 43.951811089461032 ], [ 5.161338445605279, 43.951720827665426 ], [ 5.161226714523554, 43.951666318497644 ], [ 5.161118155980438, 43.951629752532604 ], [ 5.16099301610808, 43.951616021948816 ], [ 5.16073756683751, 43.951616571959072 ], [ 5.160606898181705, 43.951654267510207 ], [ 5.160500639144721, 43.95171128694345 ], [ 5.160408520848862, 43.951779730632111 ], [ 5.160199427811701, 43.951951320658743 ], [ 5.160011877977303, 43.952132387763477 ], [ 5.159934974298221, 43.95220773271749 ], [ 5.159771064313213, 43.952420743028078 ], [ 5.159676552020363, 43.95255765641771 ], [ 5.159486110458857, 43.952827009445656 ], [ 5.159451870603501, 43.952877202748653 ], [ 5.159177325759374, 43.953163522380741 ], [ 5.158984680906134, 43.953407709593414 ], [ 5.158849114236303, 43.95364536703331 ], [ 5.158817378672079, 43.953728821883111 ], [ 5.158814051402427, 43.953739691253261 ], [ 5.158783239850442, 43.953781713894429 ], [ 5.158728066876352, 43.95383862263462 ], [ 5.158703943859857, 43.953859806149417 ], [ 5.158552005900016, 43.953994251770034 ], [ 5.158489598938875, 43.954057605404088 ], [ 5.1584367602982, 43.954143277590767 ], [ 5.158317903956664, 43.954427420107763 ], [ 5.158244340620104, 43.954689961010416 ], [ 5.158236542556933, 43.954714423216586 ], [ 5.158205403961398, 43.954780760354282 ], [ 5.158153755806169, 43.954897919531994 ], [ 5.15810908853094, 43.954969025342024 ], [ 5.15806837147966, 43.955539721708789 ], [ 5.158046849113175, 43.955662588065437 ], [ 5.158010314308384, 43.955783950276327 ], [ 5.157995583003329, 43.955888676448552 ], [ 5.158000913568892, 43.955996607673292 ], [ 5.158011866899199, 43.956187255855419 ], [ 5.158005872846385, 43.956259398560469 ], [ 5.15796577727053, 43.956319610413892 ], [ 5.157899208315596, 43.956338931011409 ], [ 5.157948373580345, 43.956551332292811 ], [ 5.157989819963647, 43.956658550386635 ], [ 5.158057836744177, 43.95687508093161 ], [ 5.158148946494993, 43.957174883768168 ], [ 5.15823709886044, 43.957561174284109 ], [ 5.158304367408412, 43.957988391022376 ], [ 5.158301145965183, 43.958166715092922 ], [ 5.158230145752364, 43.958530040058399 ], [ 5.158214027230547, 43.958696914902788 ], [ 5.15819402179316, 43.958826953986417 ], [ 5.158155153928401, 43.959084308677696 ], [ 5.15805351218778, 43.959428432044795 ], [ 5.157980443196544, 43.95960543455277 ], [ 5.158000952142261, 43.959785090792771 ], [ 5.158034636159514, 43.959917670969475 ], [ 5.158055134420683, 43.960228772171007 ], [ 5.158026750365416, 43.960367979834004 ], [ 5.158015890463767, 43.960476231047593 ], [ 5.157970293832639, 43.960588769393468 ], [ 5.157925343878177, 43.960718400780237 ], [ 5.157876010479478, 43.960831012877946 ], [ 5.157718411583954, 43.961079908201839 ], [ 5.157529470174503, 43.961324020212295 ], [ 5.157487199878018, 43.961425689032389 ], [ 5.157371167512777, 43.961587333853245 ], [ 5.157280070781346, 43.96165035290521 ], [ 5.157181242440474, 43.961739633385136 ], [ 5.157109508213241, 43.961820276252197 ], [ 5.156950514744626, 43.961966563025598 ], [ 5.156704077187778, 43.96214068407324 ], [ 5.156605008919459, 43.962223666609155 ], [ 5.156443548715399, 43.962436624024136 ], [ 5.15629111954508, 43.962591783374208 ], [ 5.156237555283314, 43.962658562571789 ], [ 5.156173297141684, 43.962838091105183 ], [ 5.156125360897385, 43.962921865054696 ], [ 5.155985130864282, 43.963201926022194 ], [ 5.155949921356954, 43.963292651305146 ], [ 5.155929657997802, 43.963383081753683 ], [ 5.155932023203604, 43.963577501496047 ], [ 5.155967515388869, 43.963692040734308 ], [ 5.155961054797771, 43.963784899853906 ], [ 5.155892746735317, 43.963857371580914 ], [ 5.155839303886633, 43.963894438054432 ], [ 5.15565609201041, 43.964026795724806 ], [ 5.15555818363511, 43.964074642435278 ], [ 5.155367599308635, 43.964209845935713 ], [ 5.155295404664724, 43.964245481315636 ], [ 5.155221194911336, 43.964293760689507 ], [ 5.155210937158004, 43.964319171576172 ], [ 5.155097200978064, 43.964442955812906 ], [ 5.154985584857465, 43.964655828591674 ], [ 5.154862519917629, 43.964862624833643 ], [ 5.154800198960561, 43.964928675676092 ], [ 5.154706908908554, 43.964999838557084 ], [ 5.154634746847587, 43.965036373154732 ], [ 5.154540968262129, 43.965061629823524 ], [ 5.154421428592138, 43.965064886510525 ], [ 5.154079385695724, 43.965018510023825 ], [ 5.15394954177374, 43.96501296620044 ], [ 5.153862454653163, 43.965017383336978 ], [ 5.153778912085849, 43.965049640090001 ], [ 5.153717257547157, 43.965100371932728 ], [ 5.153674796028039, 43.965164230162692 ], [ 5.153656160618536, 43.965396876736278 ], [ 5.153639017934728, 43.96547103975437 ], [ 5.153602919819543, 43.965538373807782 ], [ 5.153475770613096, 43.965637211998946 ], [ 5.153418429497288, 43.965703163918782 ], [ 5.15341016448499, 43.965847376008192 ], [ 5.153383758673452, 43.96590731657254 ], [ 5.153315874960879, 43.965958170914604 ], [ 5.153214258540196, 43.966006988836206 ], [ 5.152927140840575, 43.966127884135645 ], [ 5.152741299600806, 43.966190964906495 ], [ 5.152668194877447, 43.96623561951386 ], [ 5.152537849149229, 43.966348924473039 ], [ 5.152486598329267, 43.966411154722884 ], [ 5.15246759690479, 43.966469148627922 ], [ 5.152461096338089, 43.966561108051771 ], [ 5.152449500476325, 43.966617155502554 ], [ 5.152422278214466, 43.966655504521469 ], [ 5.152369883279981, 43.966720458174485 ], [ 5.152290481681926, 43.966763435907204 ], [ 5.152213944705252, 43.966816260562318 ], [ 5.15214989753881, 43.966869739544912 ], [ 5.152083993431845, 43.966907049507533 ], [ 5.152037622153935, 43.966966482547456 ], [ 5.151998395588842, 43.967050083214914 ], [ 5.151934390790426, 43.967236806832766 ], [ 5.151898493268714, 43.967309538230644 ], [ 5.151839665365356, 43.967369216431855 ], [ 5.151644906433015, 43.967460380397249 ], [ 5.151577755699726, 43.967497714587864 ], [ 5.151516300244845, 43.967553843101065 ], [ 5.15149403587373, 43.967624505391377 ], [ 5.151510012169152, 43.967684511564514 ], [ 5.151404623074177, 43.967633467813805 ], [ 5.151102416701884, 43.967552986177509 ], [ 5.150979022799701, 43.967520302531604 ], [ 5.150787100218485, 43.967422344460026 ], [ 5.150222251245537, 43.967153462148119 ], [ 5.149844770049899, 43.967060053037045 ], [ 5.148868433460571, 43.966886586532418 ], [ 5.148763225062053, 43.966741004557008 ], [ 5.148502606429388, 43.966672302646067 ], [ 5.146478773710866, 43.967281959949922 ], [ 5.145420346578644, 43.9683056816692 ], [ 5.145194690549753, 43.968503676562186 ], [ 5.145187250569787, 43.96850472288537 ], [ 5.144851975407973, 43.968870524813639 ], [ 5.144454671245087, 43.969178122416814 ], [ 5.143873405039314, 43.969466819178443 ], [ 5.14435268711745, 43.969847250654162 ], [ 5.144151713238355, 43.969939423231715 ], [ 5.143743552933424, 43.970223823187396 ], [ 5.143506182371937, 43.970508473789785 ], [ 5.143467109978305, 43.970596569788 ], [ 5.143417835216507, 43.970678563681766 ], [ 5.143373909394215, 43.970737044679616 ], [ 5.143315035213954, 43.970795818768345 ], [ 5.143272523986152, 43.970858773524945 ], [ 5.143139155940004, 43.970991933031272 ], [ 5.1430865773623, 43.971052384176907 ], [ 5.143054904972021, 43.971105222963622 ], [ 5.142895550666052, 43.971276704552139 ], [ 5.142759312073022, 43.971366705107229 ], [ 5.142674383578308, 43.971462001877299 ], [ 5.1426048999004, 43.971503877703292 ], [ 5.14253359566615, 43.971530483941251 ], [ 5.14247034033302, 43.971572237600384 ], [ 5.142364358992674, 43.971604925236328 ], [ 5.14220871823485, 43.971643087520825 ], [ 5.142038935057776, 43.9716698227206 ], [ 5.141934464525529, 43.971676371414134 ], [ 5.141749998218783, 43.971677284965288 ], [ 5.141587718111043, 43.971671461387132 ], [ 5.141046400307784, 43.971630747981798 ], [ 5.141040957518853, 43.971718184375312 ], [ 5.141011715373617, 43.971835797058766 ], [ 5.140991015558244, 43.971882118159897 ], [ 5.140932070172471, 43.971939091713566 ], [ 5.140823029979982, 43.972023155250731 ], [ 5.140749811281117, 43.972098414387077 ], [ 5.140692178710704, 43.972157162713657 ], [ 5.140650909293771, 43.972220092105083 ], [ 5.14054359081705, 43.972350037312331 ], [ 5.140419976072059, 43.97247760058994 ], [ 5.140398160947238, 43.972494233279662 ], [ 5.140345945661992, 43.972531267972428 ], [ 5.140144933543233, 43.972722467570094 ], [ 5.140130795270613, 43.972744351749306 ], [ 5.140037215245557, 43.972908239163289 ], [ 5.139883861173219, 43.973273164909827 ], [ 5.139818901644034, 43.97346890296059 ], [ 5.139785408714768, 43.973539782579046 ], [ 5.139721296260702, 43.973791323089202 ], [ 5.139502280237799, 43.974134125642493 ], [ 5.13941155563816, 43.974274548680675 ], [ 5.139395600382253, 43.974314474490598 ], [ 5.139342103250712, 43.974350633476703 ], [ 5.139298808520338, 43.974392894930816 ], [ 5.139239490798678, 43.974473282865027 ], [ 5.139184680131947, 43.974507666861776 ], [ 5.13905714519284, 43.974564180990114 ], [ 5.138970551784742, 43.974615392333199 ], [ 5.138769518650281, 43.974706655624786 ], [ 5.138659727487631, 43.974770924891267 ], [ 5.138505726353584, 43.974819853374534 ], [ 5.138275870072364, 43.974907178053193 ], [ 5.138111769655006, 43.974986013678645 ], [ 5.137814343477848, 43.975166490349032 ], [ 5.137728285389773, 43.975198783751871 ], [ 5.137572969046951, 43.975245935998998 ], [ 5.137531826584421, 43.97527915157238 ], [ 5.13745805741332, 43.975306702926083 ], [ 5.137246679950701, 43.975354950844029 ], [ 5.137106244840824, 43.975400010857946 ], [ 5.136981770732064, 43.975471767910008 ], [ 5.13685288829286, 43.975592227610036 ], [ 5.136710636894587, 43.975688640153606 ], [ 5.136382529547826, 43.975882316839566 ], [ 5.136320004987784, 43.975910547964581 ], [ 5.136167244573233, 43.97595944884074 ], [ 5.136097413538159, 43.975992324149466 ], [ 5.136022735446378, 43.976062206741908 ], [ 5.135964217596674, 43.976097561832425 ], [ 5.135740211824904, 43.976208174758604 ], [ 5.135535093455964, 43.976290508711593 ], [ 5.135132732387208, 43.976399202539824 ], [ 5.135065524057635, 43.976335693028538 ], [ 5.135044480000881, 43.976339705261246 ], [ 5.134862153957052, 43.976364873402417 ], [ 5.134507434225728, 43.976414114522903 ], [ 5.134421708739345, 43.976422090476198 ], [ 5.134288709586373, 43.976432789934854 ], [ 5.134283793685325, 43.976434686525344 ], [ 5.134154498569796, 43.976477724572163 ], [ 5.134113824431658, 43.976490222612696 ], [ 5.133942643302612, 43.976646616521961 ], [ 5.133819172848287, 43.976778670905212 ], [ 5.133666475459576, 43.976962613123128 ], [ 5.133644185270106, 43.976999960782706 ], [ 5.133565462284849, 43.977128440592814 ], [ 5.133531117476331, 43.977343384106092 ], [ 5.13353098242586, 43.977639588005239 ], [ 5.133531453606214, 43.977818740084842 ], [ 5.133531049479048, 43.977874567066415 ], [ 5.133492495408532, 43.977943742892428 ], [ 5.13346006940808, 43.978043409587904 ], [ 5.133392590925209, 43.978172570182124 ], [ 5.133339220425269, 43.978345570533463 ], [ 5.133235104208608, 43.978795055433935 ], [ 5.133186447052733, 43.978927449900624 ], [ 5.133174762399142, 43.978981696404595 ], [ 5.133192371743551, 43.979152411417992 ], [ 5.13329645207623, 43.979301632341851 ], [ 5.133328709941624, 43.979364024482166 ], [ 5.133384235222547, 43.979515093142155 ], [ 5.133388814230689, 43.979637445787795 ], [ 5.13337194379162, 43.979753014537884 ], [ 5.133325609416614, 43.979914173690908 ], [ 5.133272237467795, 43.9800205513069 ], [ 5.1332451305782, 43.980062494456277 ], [ 5.133124715499303, 43.980176482340504 ], [ 5.133094813348103, 43.980243688647207 ], [ 5.133042283245165, 43.980272623147819 ], [ 5.133017802524471, 43.980318116239012 ], [ 5.133019048085715, 43.980351403374634 ], [ 5.13304948836634, 43.980365214408693 ], [ 5.133087403777867, 43.980412191025309 ], [ 5.133096360462686, 43.980451629873656 ], [ 5.13309588796997, 43.980572280529586 ], [ 5.133101476988534, 43.980654999935183 ], [ 5.132999714673791, 43.980834346333999 ], [ 5.132909772106159, 43.980929733273577 ], [ 5.13275766753544, 43.981063245496742 ], [ 5.132739281202862, 43.9811050184084 ], [ 5.132735003877525, 43.981157319797127 ], [ 5.132749313881727, 43.981239869112883 ], [ 5.132740962186922, 43.981283246892595 ], [ 5.132701528656654, 43.981395654527539 ], [ 5.132560799131302, 43.981799937791685 ], [ 5.132529043702489, 43.981850974551357 ], [ 5.13249297824834, 43.981886790104475 ], [ 5.132428424480955, 43.981927662853124 ], [ 5.132327300180279, 43.981990856264829 ], [ 5.132282714856593, 43.982032239774632 ], [ 5.132247086617761, 43.982079750745172 ], [ 5.132220449126973, 43.982134288839234 ], [ 5.13217788188041, 43.982262963002299 ], [ 5.132140398330166, 43.982427550410065 ], [ 5.132140087785816, 43.982719256909384 ], [ 5.132113449893904, 43.982773794997541 ], [ 5.132042528647135, 43.982877813398112 ], [ 5.131954904931377, 43.982968652800601 ], [ 5.13187283678866, 43.983074689076204 ], [ 5.131812960176377, 43.983173990417264 ], [ 5.131781876233084, 43.983243020084331 ], [ 5.131772984106053, 43.983305314873455 ], [ 5.131774733695289, 43.983352096894656 ], [ 5.131796751041917, 43.983540732768667 ], [ 5.131812105425076, 43.98358454859315 ], [ 5.131606215854936, 43.983613771622807 ], [ 5.131489262497378, 43.983620553302856 ], [ 5.130800587239808, 43.984076929857281 ], [ 5.130565559834679, 43.984227360343368 ], [ 5.130456785325699, 43.984286199515736 ], [ 5.129469341859973, 43.984956360535776 ], [ 5.128789423600245, 43.985414354213262 ], [ 5.128571695240148, 43.985560842261243 ], [ 5.128798263189472, 43.986018290526602 ], [ 5.128825267007536, 43.986073584025597 ], [ 5.128863182734648, 43.986120562261654 ], [ 5.128909417512279, 43.986156574776082 ], [ 5.127957488168414, 43.988848129919759 ], [ 5.127879626006479, 43.98883343958871 ], [ 5.127724405582112, 43.988817553635769 ], [ 5.127625695843478, 43.988812271923024 ], [ 5.127429824735922, 43.988809780911446 ], [ 5.127465469679519, 43.988996352240889 ], [ 5.127483292942675, 43.989239989999007 ], [ 5.127503522072113, 43.989347633847693 ], [ 5.127550759023348, 43.989477260002651 ], [ 5.127598066864749, 43.989575373842733 ], [ 5.127699719638491, 43.989793072051775 ], [ 5.127726179938403, 43.989900594654294 ], [ 5.127765910981688, 43.989996154957254 ], [ 5.127748609361515, 43.990234174153343 ], [ 5.127751229111683, 43.990304347562379 ], [ 5.127774717065284, 43.990499258367834 ], [ 5.127768748313854, 43.990573200164533 ], [ 5.127715188085533, 43.990675077425628 ], [ 5.127482603301816, 43.990958699948536 ], [ 5.127341875999457, 43.99109738515925 ], [ 5.127242953443654, 43.99115332843833 ], [ 5.127155376515542, 43.991245963747744 ], [ 5.126947571411881, 43.991558813409846 ], [ 5.126925028290741, 43.991656485715339 ], [ 5.126846479255818, 43.991723736408865 ], [ 5.126749846006284, 43.99177423282493 ], [ 5.126423777278125, 43.991892213015127 ], [ 5.126313267802471, 43.991938477314037 ], [ 5.126129226013441, 43.992052794430869 ], [ 5.125917998312484, 43.992207253550866 ], [ 5.125949584218852, 43.992251655118444 ], [ 5.125885445772205, 43.992337531511708 ], [ 5.125515464041207, 43.992615718078468 ], [ 5.124618943951455, 43.993589273428036 ], [ 5.124599742683478, 43.993609453389652 ], [ 5.12348979443099, 43.994913959747194 ], [ 5.121955156266526, 43.996738074792226 ], [ 5.121971317416201, 43.996770172513372 ], [ 5.122305814555837, 43.997480331753849 ], [ 5.122196758557635, 43.997766947601392 ], [ 5.122130229537088, 43.998291321612328 ], [ 5.122047162502037, 43.998639554829111 ], [ 5.121802442070511, 43.999000827989157 ], [ 5.121973285747563, 43.999670048907809 ], [ 5.121701575188911, 44.000211008509261 ], [ 5.121952102260333, 44.000474442067016 ], [ 5.122263689660829, 44.000803313662672 ], [ 5.123038073857678, 44.000999858082395 ], [ 5.123060742929106, 44.001005720235156 ], [ 5.123330139335882, 44.001105827276795 ], [ 5.123359034293819, 44.00114488021908 ], [ 5.12337866837627, 44.001169707889183 ], [ 5.123354833043777, 44.001467275275978 ], [ 5.123388981871233, 44.001513428754322 ], [ 5.12344924340301, 44.001523962853327 ], [ 5.123511254220428, 44.001547967712085 ], [ 5.123558040433218, 44.001565065616902 ], [ 5.123862841750453, 44.00167798874476 ], [ 5.123932722240761, 44.001779267842906 ], [ 5.124053162278515, 44.001898471647195 ], [ 5.12413704984449, 44.002040893211635 ], [ 5.124195909554384, 44.002181099888581 ], [ 5.124240656847262, 44.002310776843743 ], [ 5.124263573042709, 44.002457083547561 ], [ 5.124260326036221, 44.002537274907596 ], [ 5.124226997906508, 44.002613548944858 ], [ 5.124049266832182, 44.002831276506527 ], [ 5.123970900209571, 44.002903923566222 ], [ 5.123815211575495, 44.00304379532114 ], [ 5.123755546172914, 44.003082767297933 ], [ 5.123588678247143, 44.003190444357031 ], [ 5.123402610688995, 44.003284989148398 ], [ 5.123224798061838, 44.003366768908244 ], [ 5.122928557132362, 44.003550782505066 ], [ 5.122716748266858, 44.00365752989007 ], [ 5.122445338576782, 44.003805047485095 ], [ 5.122261860482445, 44.003902240996332 ], [ 5.122110185678807, 44.003982611395159 ], [ 5.122033771780606, 44.004040814059408 ], [ 5.121678565889234, 44.004249376501647 ], [ 5.121586792053785, 44.00429707299616 ], [ 5.121523552004129, 44.00434061465976 ], [ 5.121478539402178, 44.004371198276267 ], [ 5.121198960167504, 44.0045674883483 ], [ 5.121051482924591, 44.004693692056698 ], [ 5.120984696260332, 44.004776015858219 ], [ 5.120944226055313, 44.004828118795878 ], [ 5.120914129171386, 44.004890824379608 ], [ 5.120887436687948, 44.004944460758466 ], [ 5.120841381393449, 44.005114613641673 ], [ 5.120296949728903, 44.006003879982231 ], [ 5.120073510578604, 44.006368338689441 ], [ 5.120031766389423, 44.006386253885985 ], [ 5.119890029616858, 44.006566363868139 ], [ 5.119803647406695, 44.006725593845012 ], [ 5.119776208589303, 44.006792749217603 ], [ 5.119276225346695, 44.007368738582223 ], [ 5.118936648443763, 44.007730043309955 ], [ 5.118741162403192, 44.007940903589791 ], [ 5.11813716831533, 44.008605333075501 ], [ 5.117830354562598, 44.008975903390265 ], [ 5.117684664144351, 44.009150685156868 ], [ 5.117613115296886, 44.009239401348744 ], [ 5.117568966089667, 44.009293374913831 ], [ 5.11742088127188, 44.009470903642395 ], [ 5.117352837217445, 44.009553249581934 ], [ 5.116969676787229, 44.010018028249441 ], [ 5.116858479603067, 44.010080501707485 ], [ 5.115839028809686, 44.010644019213451 ], [ 5.115521200357772, 44.01081942669969 ], [ 5.115109253666459, 44.01104707110354 ], [ 5.11507984845265, 44.011128668452045 ], [ 5.115081420041524, 44.011372624670621 ], [ 5.115078894383906, 44.011472608990907 ], [ 5.115063201418717, 44.011553941206323 ], [ 5.114979614443117, 44.011755428401585 ], [ 5.114943953874787, 44.011903770353619 ], [ 5.114907981623793, 44.012077327287734 ], [ 5.114702148918458, 44.012716032393811 ], [ 5.11463099178872, 44.012916378780048 ], [ 5.114608208326838, 44.013848650969734 ], [ 5.114608163831021, 44.013881063377916 ], [ 5.114491769230214, 44.014240740727331 ], [ 5.114591501689635, 44.01494466463933 ], [ 5.114585201746478, 44.015346329777344 ], [ 5.11461304061235, 44.015524955632159 ], [ 5.114582919954193, 44.015520135948996 ], [ 5.114343001212177, 44.015476156032719 ], [ 5.114050288390687, 44.015421491704728 ], [ 5.113836250238741, 44.015368907645225 ], [ 5.113626131075251, 44.015287437176106 ], [ 5.113410558574507, 44.015193467180616 ], [ 5.113290968522856, 44.015130954446704 ], [ 5.113195532655881, 44.015080579479928 ], [ 5.113192247913924, 44.015126559303845 ], [ 5.113189175327292, 44.015144625079174 ], [ 5.113186035996161, 44.015160891501885 ], [ 5.113111149282124, 44.015496357231072 ], [ 5.113066621253882, 44.015641268753576 ], [ 5.11305418513561, 44.015743245274301 ], [ 5.113037095919286, 44.015854314891598 ], [ 5.112990489294135, 44.015875922529474 ], [ 5.11282902652924, 44.016063607038582 ], [ 5.112751728449581, 44.016165935948123 ], [ 5.112671724281902, 44.016296227029464 ], [ 5.11261570730775, 44.016434157709043 ], [ 5.112573937592174, 44.016586218373575 ], [ 5.112514272820681, 44.016928592474009 ], [ 5.112522304305928, 44.017077890788109 ], [ 5.112545345676752, 44.017093651626574 ], [ 5.112570309801814, 44.017194905904098 ], [ 5.112575893686579, 44.017311839917312 ], [ 5.112548067143574, 44.017570769691076 ], [ 5.112551512249261, 44.017730960493907 ], [ 5.112605702911613, 44.017981103898904 ], [ 5.112642655536384, 44.018102834118793 ], [ 5.112740695303828, 44.018324220718988 ], [ 5.113000042507657, 44.018622620481295 ], [ 5.113193004596136, 44.018846674956009 ], [ 5.113478493336954, 44.019176980433024 ], [ 5.113600495461128, 44.019304269944982 ], [ 5.113941970327483, 44.019697415693322 ], [ 5.114245623768259, 44.020046275296771 ], [ 5.114631368517713, 44.020488981831164 ], [ 5.114753932794505, 44.020664876901343 ], [ 5.11516130585702, 44.021253016400195 ], [ 5.115700851924679, 44.021939435218911 ], [ 5.115878933817229, 44.021863064898589 ], [ 5.11599807041905, 44.021812143154257 ], [ 5.116243690172304, 44.021706555859673 ], [ 5.116327203355011, 44.021670728029662 ], [ 5.116504036757173, 44.021594380822386 ], [ 5.117395978444994, 44.021220592867806 ], [ 5.117494217710754, 44.021178176838852 ], [ 5.117757119911054, 44.021067749946027 ], [ 5.118284134593366, 44.020845970467583 ], [ 5.118727635086159, 44.020660018183321 ], [ 5.119262993155304, 44.02046148077681 ], [ 5.119820454752184, 44.020253509154117 ], [ 5.120962962176921, 44.019841524075453 ], [ 5.121260626992112, 44.019726813337179 ], [ 5.121447857438578, 44.01966196061607 ], [ 5.121813690237538, 44.019535122516253 ], [ 5.12198333070272, 44.019467008717193 ], [ 5.122309097173593, 44.019336444447831 ], [ 5.122810265069966, 44.019125047740367 ], [ 5.122828698177837, 44.019117487447666 ], [ 5.12337245290229, 44.018910663682774 ], [ 5.123528073588344, 44.018834716624148 ], [ 5.123917114996162, 44.018694816286221 ], [ 5.124290455530023, 44.018535412246706 ], [ 5.124555825841729, 44.018424920767053 ], [ 5.124694962403248, 44.018375401602846 ], [ 5.125286990192286, 44.01815862731204 ], [ 5.125386886982281, 44.018227812312134 ], [ 5.125488874676644, 44.018286152687502 ], [ 5.125736616183914, 44.018438896130156 ], [ 5.125866670773823, 44.018513796998349 ], [ 5.126149553773442, 44.018705471050289 ], [ 5.126383248840138, 44.018849482857753 ], [ 5.126435574431648, 44.0188808775547 ], [ 5.126527321706149, 44.018932213459998 ], [ 5.126734236314293, 44.019027227146204 ], [ 5.127258681663589, 44.019306035589118 ], [ 5.127483691856585, 44.019417802282078 ], [ 5.127685518513032, 44.019543524347348 ], [ 5.127878450682113, 44.019664917430767 ], [ 5.128201578852105, 44.019864807029428 ], [ 5.128331001285907, 44.019922611219556 ], [ 5.128570974337356, 44.020067396850948 ], [ 5.129221862149087, 44.020423865431347 ], [ 5.129525324613535, 44.020564712425156 ], [ 5.129629612491656, 44.020617602435429 ], [ 5.129816556178823, 44.020712099031584 ], [ 5.130103676779266, 44.020882973504115 ], [ 5.130401212724249, 44.02103203655107 ], [ 5.130485990990541, 44.021097009985304 ], [ 5.13064594388304, 44.02123704733399 ], [ 5.130800102688049, 44.021355589415464 ], [ 5.131123417538002, 44.021593281178738 ], [ 5.131549174280823, 44.021867690393144 ], [ 5.13175068190144, 44.021984408392768 ], [ 5.131939488435097, 44.022028446797812 ], [ 5.132711566626371, 44.022188062766183 ], [ 5.132761641417562, 44.022192488583762 ], [ 5.132842145117415, 44.022209826127025 ], [ 5.133062157706582, 44.02222084235612 ], [ 5.133271353523909, 44.022209560792433 ], [ 5.133482234191432, 44.022176638031446 ], [ 5.133652913224236, 44.022136395924207 ], [ 5.133759768659071, 44.022124408278167 ], [ 5.134153526291729, 44.022110425584906 ], [ 5.134185943476513, 44.022109793213424 ], [ 5.134434025886917, 44.022104053148006 ], [ 5.134800892068205, 44.022071685806253 ], [ 5.1350226562874, 44.022062856622945 ], [ 5.135125299643576, 44.0220716574538 ], [ 5.135244253740878, 44.022116153104172 ], [ 5.135756602024679, 44.022336637216014 ], [ 5.135877814671526, 44.022374785792408 ], [ 5.136193100460335, 44.022564002068734 ], [ 5.136301678512184, 44.022631207514479 ], [ 5.136377535648193, 44.022690948827908 ], [ 5.136549602875482, 44.022787525543073 ], [ 5.136644566102714, 44.022824385261757 ], [ 5.137063981348869, 44.022962047238167 ], [ 5.137268229811367, 44.023018379635225 ], [ 5.137636923414581, 44.023034585109279 ], [ 5.138218251672657, 44.02303132816354 ], [ 5.138265327387529, 44.0230223051107 ], [ 5.138416664198562, 44.022998639558764 ], [ 5.138504986644336, 44.022991511190462 ], [ 5.138711859443818, 44.022984766327049 ], [ 5.139038093376633, 44.022999996434031 ], [ 5.139245033718489, 44.022995049907486 ], [ 5.139561894487676, 44.022960043080111 ], [ 5.140095767109158, 44.022889278865314 ], [ 5.140417377440669, 44.022847874300737 ], [ 5.140589875156577, 44.022822891387833 ], [ 5.140755631419868, 44.02278453511201 ], [ 5.14100236350691, 44.022742793283093 ], [ 5.141602313971234, 44.022670728515884 ], [ 5.142081849940572, 44.021851940684698 ], [ 5.142160610509612, 44.021690139220262 ], [ 5.142218518426949, 44.021571061684924 ], [ 5.142336334917275, 44.021419299336394 ], [ 5.142407009505816, 44.021274762378894 ], [ 5.142550033828592, 44.020930735222237 ], [ 5.142579399510922, 44.020815817825522 ], [ 5.142595597171432, 44.020748875963243 ], [ 5.142742517873564, 44.020342649338936 ], [ 5.142936553658085, 44.019994921632986 ], [ 5.143388321056397, 44.019400855208666 ], [ 5.143981635106168, 44.018623046187422 ], [ 5.144244396752538, 44.018278470967665 ], [ 5.144359698885538, 44.018259104592957 ], [ 5.145215230540528, 44.018117185113461 ], [ 5.146274067431586, 44.017940659033556 ], [ 5.146982044208846, 44.017823228407245 ], [ 5.147252302183914, 44.01777740904248 ], [ 5.147880926344109, 44.017673234397961 ], [ 5.148158663149297, 44.017627265929427 ], [ 5.148447552033831, 44.017579277062858 ], [ 5.148828153881877, 44.017515080627028 ], [ 5.149036446891841, 44.017480377624857 ], [ 5.14984029198701, 44.016597562380269 ], [ 5.150297917510243, 44.016095185459726 ], [ 5.150401066361394, 44.016018430202912 ], [ 5.150832858418289, 44.015691223419594 ], [ 5.151008767623572, 44.015559016979594 ], [ 5.151896586182582, 44.014886113384016 ], [ 5.152248325895103, 44.014619897603787 ], [ 5.152266515723125, 44.014606034723705 ], [ 5.153375069907595, 44.013766715710162 ], [ 5.153783822333343, 44.013457957233051 ], [ 5.153854187419808, 44.01340525279187 ], [ 5.154170709638178, 44.013164933446632 ], [ 5.15442625477293, 44.012763754308004 ], [ 5.15463122095197, 44.012443700473511 ], [ 5.155089329544579, 44.011725213963594 ], [ 5.155120400789274, 44.01165617654727 ], [ 5.155120456272799, 44.011624663829515 ], [ 5.155046387081263, 44.011315508597448 ], [ 5.154890793354309, 44.010664933132219 ], [ 5.154668663716168, 44.009739266810918 ], [ 5.154596118127659, 44.009437284335782 ], [ 5.154579548514924, 44.009361982939843 ], [ 5.154493880084689, 44.009009840463918 ], [ 5.154302532016948, 44.008205112752734 ], [ 5.154179582137658, 44.007691645252635 ], [ 5.154197905341865, 44.007681380745744 ], [ 5.154852822564188, 44.007319151999518 ], [ 5.155199779317873, 44.007125947633078 ], [ 5.156438647120962, 44.006438886272896 ], [ 5.156609712632948, 44.006344580059491 ], [ 5.156998185557887, 44.006128042997858 ], [ 5.157638382306296, 44.005773290143267 ], [ 5.157820423350001, 44.005672463165205 ], [ 5.157820287068843, 44.005668864534272 ], [ 5.158331384175306, 44.005396783833376 ], [ 5.158701863352262, 44.005199502597186 ], [ 5.158921994677423, 44.005083516659148 ], [ 5.159117605609217, 44.00497881829196 ], [ 5.160141016596888, 44.004434618019985 ], [ 5.161367352671592, 44.003781959626096 ], [ 5.161672295207111, 44.003731816700359 ], [ 5.161771427044305, 44.003714551705308 ], [ 5.163510561430837, 44.003428069769356 ], [ 5.163993989840556, 44.003348279781825 ], [ 5.16407334888694, 44.003335905560235 ], [ 5.164163822910324, 44.003320610346968 ], [ 5.164287778573649, 44.003300150840175 ], [ 5.164461605879296, 44.003246292304425 ], [ 5.166576559476347, 44.002740744929788 ], [ 5.167788268445022, 44.002427727664333 ], [ 5.168786260900661, 44.002169353668364 ], [ 5.168990794389218, 44.002103174581578 ], [ 5.16930041181958, 44.002012402491637 ], [ 5.169544266323611, 44.001963449032807 ], [ 5.169536068857419, 44.001944704685584 ], [ 5.169693658103054, 44.001955983701166 ], [ 5.169874145204626, 44.001847964396831 ], [ 5.170092446308766, 44.001717586502522 ], [ 5.170670605995522, 44.00137479063546 ], [ 5.170633652122704, 44.001321504191274 ], [ 5.170551803196059, 44.001071936165985 ], [ 5.170537193587498, 44.000983093305429 ], [ 5.170568732689901, 44.000894234861761 ], [ 5.170582193536123, 44.00082194118572 ], [ 5.170570174189136, 44.000571887627785 ], [ 5.170588876483292, 44.000375244226831 ], [ 5.170644647184422, 44.00020217404527 ], [ 5.170664283431978, 44.000095545231112 ], [ 5.170666882429045, 44.000000058555919 ], [ 5.170695928158335, 43.999911249600565 ], [ 5.170764547326065, 43.999813552157427 ], [ 5.170959367436162, 43.999590904489899 ], [ 5.171004751557474, 43.99950537244316 ], [ 5.171065333969698, 43.999327704916112 ], [ 5.171093556112945, 43.999217304282645 ], [ 5.171104716602412, 43.999182870148772 ], [ 5.171229566876129, 43.999055245480292 ], [ 5.171253258746231, 43.999022363194996 ], [ 5.171295738042573, 43.998926084742862 ], [ 5.171325284202335, 43.998883182570637 ], [ 5.1713579497863, 43.998922148542412 ], [ 5.171432565811272, 43.99898188948913 ], [ 5.171500162030429, 43.999021062171167 ], [ 5.171583891603915, 43.999058113790262 ], [ 5.171641666846169, 43.999068670820293 ], [ 5.171731502916938, 43.999069587834555 ], [ 5.172003652743741, 43.999043475379793 ], [ 5.172202099549997, 43.999014324567938 ], [ 5.172462037640072, 43.998962343923679 ], [ 5.172560883521935, 43.998937872001257 ], [ 5.172842145081978, 43.998889068148372 ], [ 5.172943894911909, 43.998875342150761 ], [ 5.173015356377336, 43.998852314260418 ], [ 5.173075555641189, 43.998861021704393 ], [ 5.173155032508673, 43.998884651670018 ], [ 5.173302643688722, 43.998896123593049 ], [ 5.173404736542419, 43.998891393660749 ], [ 5.173479033554462, 43.99887731242351 ], [ 5.173638146834326, 43.998863346016272 ], [ 5.173796893361491, 43.998807071091335 ], [ 5.173917794051874, 43.998772255884965 ], [ 5.174098310401218, 43.998730853391599 ], [ 5.174262820171639, 43.998727582759273 ], [ 5.174352964690665, 43.998736594461661 ], [ 5.174511884874021, 43.998782952826872 ], [ 5.174571455956078, 43.998807877910188 ], [ 5.174617626901752, 43.998841172410394 ], [ 5.174651300678381, 43.998873815072336 ], [ 5.174730222033115, 43.999013597748153 ], [ 5.174765451272936, 43.999054312435725 ], [ 5.175164346226941, 43.999342588381353 ], [ 5.175213206575865, 43.999413643112995 ], [ 5.175224197202473, 43.999472846427345 ], [ 5.175220192140246, 43.999661995853721 ], [ 5.175188150089443, 43.999835496974853 ], [ 5.175188895554087, 43.999887701424058 ], [ 5.175195872580944, 43.999939781929484 ], [ 5.175246783995508, 44.000097227802911 ], [ 5.175414393283671, 44.000273060047917 ], [ 5.175468318594034, 44.000313402662925 ], [ 5.175581179265898, 44.000427300466121 ], [ 5.17562436880325, 44.000480461241807 ], [ 5.175651356196767, 44.000533944329185 ], [ 5.175699737760653, 44.000821088357732 ], [ 5.175706396478986, 44.00089748419466 ], [ 5.175695076894686, 44.001123692998448 ], [ 5.175702859443978, 44.001262189483938 ], [ 5.175714263137168, 44.001332188610576 ], [ 5.175756109297842, 44.001480811437418 ], [ 5.175762493360554, 44.001550010099734 ], [ 5.175717585920371, 44.001680551519023 ], [ 5.175667864611415, 44.001815690358619 ], [ 5.175465243093666, 44.002225771484099 ], [ 5.175402428920557, 44.002377376667994 ], [ 5.175410103277893, 44.002415038033419 ], [ 5.175465954037725, 44.002505761132205 ], [ 5.175552242912864, 44.002576971718739 ], [ 5.175682792813968, 44.002598683714282 ], [ 5.175755150980813, 44.002599044899576 ], [ 5.175926703435282, 44.002583927527319 ], [ 5.176326728711034, 44.002541755293784 ], [ 5.176843027443531, 44.00244144660077 ], [ 5.177007694253352, 44.00240935822189 ], [ 5.177181403698688, 44.002352780552663 ], [ 5.177287800365963, 44.002329954740496 ], [ 5.177390904762512, 44.00231889871614 ], [ 5.177500550344045, 44.002315815366508 ], [ 5.177608287658262, 44.002328075587208 ], [ 5.17770130933075, 44.002346931063663 ], [ 5.177791107725608, 44.00237935566421 ], [ 5.177823616351366, 44.00238140932241 ], [ 5.178827233016362, 44.002434346633734 ], [ 5.179089898580595, 44.002453422447431 ], [ 5.179750319566211, 44.002501484524956 ], [ 5.181800449493331, 44.002652376161507 ], [ 5.182158185617613, 44.002678551362209 ] ] ] ] } },
{ "type": "Feature", "properties": { "INSEE_COM": "84070", "NOM": "Malemort-du-Comtat" }, "geometry": { "type": "MultiPolygon", "coordinates": [ [ [ [ 5.190402603581528, 44.006043072112739 ], [ 5.190363780387439, 44.005487439389526 ], [ 5.190297241477597, 44.004567724342834 ], [ 5.190139953690872, 44.004532159563162 ], [ 5.190024212411743, 44.0045065667126 ], [ 5.188617599133303, 44.004192594995679 ], [ 5.187807318346722, 44.004010732296031 ], [ 5.186695702498916, 44.003744855180372 ], [ 5.186057431713457, 44.00359195268058 ], [ 5.185738920797838, 44.003515487584572 ], [ 5.184399453149187, 44.003194718802028 ], [ 5.183529586114798, 44.002987005083071 ], [ 5.183020983886905, 44.002864808779478 ], [ 5.182265126156545, 44.0027025272991 ], [ 5.182158185617613, 44.002678551362209 ], [ 5.181800449493331, 44.002652376161507 ], [ 5.179750319566211, 44.002501484524956 ], [ 5.179089898580595, 44.002453422447431 ], [ 5.178827233016362, 44.002434346633734 ], [ 5.177823616351366, 44.00238140932241 ], [ 5.177791107725608, 44.00237935566421 ], [ 5.17770130933075, 44.002346931063663 ], [ 5.177608287658262, 44.002328075587208 ], [ 5.177500550344045, 44.002315815366508 ], [ 5.177390904762512, 44.00231889871614 ], [ 5.177287800365963, 44.002329954740496 ], [ 5.177181403698688, 44.002352780552663 ], [ 5.177007694253352, 44.00240935822189 ], [ 5.176843027443531, 44.00244144660077 ], [ 5.176326728711034, 44.002541755293784 ], [ 5.175926703435282, 44.002583927527319 ], [ 5.175755150980813, 44.002599044899576 ], [ 5.175682792813968, 44.002598683714282 ], [ 5.175552242912864, 44.002576971718739 ], [ 5.175465954037725, 44.002505761132205 ], [ 5.175410103277893, 44.002415038033419 ], [ 5.175402428920557, 44.002377376667994 ], [ 5.175465243093666, 44.002225771484099 ], [ 5.175667864611415, 44.001815690358619 ], [ 5.175717585920371, 44.001680551519023 ], [ 5.175762493360554, 44.001550010099734 ], [ 5.175756109297842, 44.001480811437418 ], [ 5.175714263137168, 44.001332188610576 ], [ 5.175702859443978, 44.001262189483938 ], [ 5.175695076894686, 44.001123692998448 ], [ 5.175706396478986, 44.00089748419466 ], [ 5.175699737760653, 44.000821088357732 ], [ 5.175651356196767, 44.000533944329185 ], [ 5.17562436880325, 44.000480461241807 ], [ 5.175581179265898, 44.000427300466121 ], [ 5.175468318594034, 44.000313402662925 ], [ 5.175414393283671, 44.000273060047917 ], [ 5.175246783995508, 44.000097227802911 ], [ 5.175195872580944, 43.999939781929484 ], [ 5.175188895554087, 43.999887701424058 ], [ 5.175188150089443, 43.999835496974853 ], [ 5.175220192140246, 43.999661995853721 ], [ 5.175224197202473, 43.999472846427345 ], [ 5.175213206575865, 43.999413643112995 ], [ 5.175164346226941, 43.999342588381353 ], [ 5.174765451272936, 43.999054312435725 ], [ 5.174730222033115, 43.999013597748153 ], [ 5.174651300678381, 43.998873815072336 ], [ 5.174617626901752, 43.998841172410394 ], [ 5.174571455956078, 43.998807877910188 ], [ 5.174511884874021, 43.998782952826872 ], [ 5.174352964690665, 43.998736594461661 ], [ 5.174262820171639, 43.998727582759273 ], [ 5.174098310401218, 43.998730853391599 ], [ 5.173917794051874, 43.998772255884965 ], [ 5.173796893361491, 43.998807071091335 ], [ 5.173638146834326, 43.998863346016272 ], [ 5.173479033554462, 43.99887731242351 ], [ 5.173404736542419, 43.998891393660749 ], [ 5.173302643688722, 43.998896123593049 ], [ 5.173155032508673, 43.998884651670018 ], [ 5.173075555641189, 43.998861021704393 ], [ 5.173015356377336, 43.998852314260418 ], [ 5.172943894911909, 43.998875342150761 ], [ 5.172842145081978, 43.998889068148372 ], [ 5.172560883521935, 43.998937872001257 ], [ 5.172462037640072, 43.998962343923679 ], [ 5.172202099549997, 43.999014324567938 ], [ 5.172003652743741, 43.999043475379793 ], [ 5.171731502916938, 43.999069587834555 ], [ 5.171641666846169, 43.999068670820293 ], [ 5.171583891603915, 43.999058113790262 ], [ 5.171500162030429, 43.999021062171167 ], [ 5.171432565811272, 43.99898188948913 ], [ 5.1713579497863, 43.998922148542412 ], [ 5.171325284202335, 43.998883182570637 ], [ 5.171295738042573, 43.998926084742862 ], [ 5.171253258746231, 43.999022363194996 ], [ 5.171229566876129, 43.999055245480292 ], [ 5.171104716602412, 43.999182870148772 ], [ 5.171093556112945, 43.999217304282645 ], [ 5.171065333969698, 43.999327704916112 ], [ 5.171004751557474, 43.99950537244316 ], [ 5.170959367436162, 43.999590904489899 ], [ 5.170764547326065, 43.999813552157427 ], [ 5.170695928158335, 43.999911249600565 ], [ 5.170666882429045, 44.000000058555919 ], [ 5.170664283431978, 44.000095545231112 ], [ 5.170644647184422, 44.00020217404527 ], [ 5.170588876483292, 44.000375244226831 ], [ 5.170570174189136, 44.000571887627785 ], [ 5.170582193536123, 44.00082194118572 ], [ 5.170568732689901, 44.000894234861761 ], [ 5.170537193587498, 44.000983093305429 ], [ 5.170551803196059, 44.001071936165985 ], [ 5.170633652122704, 44.001321504191274 ], [ 5.170670605995522, 44.00137479063546 ], [ 5.170092446308766, 44.001717586502522 ], [ 5.169874145204626, 44.001847964396831 ], [ 5.169693658103054, 44.001955983701166 ], [ 5.169536068857419, 44.001944704685584 ], [ 5.169544266323611, 44.001963449032807 ], [ 5.16930041181958, 44.002012402491637 ], [ 5.168990794389218, 44.002103174581578 ], [ 5.168786260900661, 44.002169353668364 ], [ 5.167788268445022, 44.002427727664333 ], [ 5.166576559476347, 44.002740744929788 ], [ 5.164461605879296, 44.003246292304425 ], [ 5.164287778573649, 44.003300150840175 ], [ 5.164163822910324, 44.003320610346968 ], [ 5.16407334888694, 44.003335905560235 ], [ 5.163993989840556, 44.003348279781825 ], [ 5.163510561430837, 44.003428069769356 ], [ 5.161771427044305, 44.003714551705308 ], [ 5.161672295207111, 44.003731816700359 ], [ 5.161367352671592, 44.003781959626096 ], [ 5.160141016596888, 44.004434618019985 ], [ 5.159117605609217, 44.00497881829196 ], [ 5.158921994677423, 44.005083516659148 ], [ 5.158701863352262, 44.005199502597186 ], [ 5.158331384175306, 44.005396783833376 ], [ 5.157820287068843, 44.005668864534272 ], [ 5.157820423350001, 44.005672463165205 ], [ 5.157638382306296, 44.005773290143267 ], [ 5.156998185557887, 44.006128042997858 ], [ 5.156609712632948, 44.006344580059491 ], [ 5.156438647120962, 44.006438886272896 ], [ 5.155199779317873, 44.007125947633078 ], [ 5.154852822564188, 44.007319151999518 ], [ 5.154197905341865, 44.007681380745744 ], [ 5.154179582137658, 44.007691645252635 ], [ 5.154302532016948, 44.008205112752734 ], [ 5.154493880084689, 44.009009840463918 ], [ 5.154579548514924, 44.009361982939843 ], [ 5.154596118127659, 44.009437284335782 ], [ 5.154668663716168, 44.009739266810918 ], [ 5.154890793354309, 44.010664933132219 ], [ 5.155046387081263, 44.011315508597448 ], [ 5.155120456272799, 44.011624663829515 ], [ 5.155120400789274, 44.01165617654727 ], [ 5.155089329544579, 44.011725213963594 ], [ 5.15463122095197, 44.012443700473511 ], [ 5.15442625477293, 44.012763754308004 ], [ 5.154170709638178, 44.013164933446632 ], [ 5.153854187419808, 44.01340525279187 ], [ 5.153783822333343, 44.013457957233051 ], [ 5.153375069907595, 44.013766715710162 ], [ 5.152266515723125, 44.014606034723705 ], [ 5.152248325895103, 44.014619897603787 ], [ 5.151896586182582, 44.014886113384016 ], [ 5.151008767623572, 44.015559016979594 ], [ 5.150832858418289, 44.015691223419594 ], [ 5.150401066361394, 44.016018430202912 ], [ 5.150297917510243, 44.016095185459726 ], [ 5.14984029198701, 44.016597562380269 ], [ 5.149036446891841, 44.017480377624857 ], [ 5.148828153881877, 44.017515080627028 ], [ 5.148447552033831, 44.017579277062858 ], [ 5.148158663149297, 44.017627265929427 ], [ 5.147880926344109, 44.017673234397961 ], [ 5.147252302183914, 44.01777740904248 ], [ 5.146982044208846, 44.017823228407245 ], [ 5.146274067431586, 44.017940659033556 ], [ 5.145215230540528, 44.018117185113461 ], [ 5.144359698885538, 44.018259104592957 ], [ 5.144244396752538, 44.018278470967665 ], [ 5.143981635106168, 44.018623046187422 ], [ 5.143388321056397, 44.019400855208666 ], [ 5.142936553658085, 44.019994921632986 ], [ 5.142742517873564, 44.020342649338936 ], [ 5.142595597171432, 44.020748875963243 ], [ 5.142579399510922, 44.020815817825522 ], [ 5.142550033828592, 44.020930735222237 ], [ 5.142407009505816, 44.021274762378894 ], [ 5.142336334917275, 44.021419299336394 ], [ 5.142218518426949, 44.021571061684924 ], [ 5.142160610509612, 44.021690139220262 ], [ 5.142081849940572, 44.021851940684698 ], [ 5.141602313971234, 44.022670728515884 ], [ 5.14100236350691, 44.022742793283093 ], [ 5.140755631419868, 44.02278453511201 ], [ 5.140589875156577, 44.022822891387833 ], [ 5.140417377440669, 44.022847874300737 ], [ 5.140095767109158, 44.022889278865314 ], [ 5.139561894487676, 44.022960043080111 ], [ 5.139245033718489, 44.022995049907486 ], [ 5.139038093376633, 44.022999996434031 ], [ 5.138711859443818, 44.022984766327049 ], [ 5.138504986644336, 44.022991511190462 ], [ 5.138416664198562, 44.022998639558764 ], [ 5.138265327387529, 44.0230223051107 ], [ 5.138218251672657, 44.02303132816354 ], [ 5.137636923414581, 44.023034585109279 ], [ 5.137268229811367, 44.023018379635225 ], [ 5.137063981348869, 44.022962047238167 ], [ 5.136644566102714, 44.022824385261757 ], [ 5.136549602875482, 44.022787525543073 ], [ 5.136377535648193, 44.022690948827908 ], [ 5.136301678512184, 44.022631207514479 ], [ 5.136193100460335, 44.022564002068734 ], [ 5.135877814671526, 44.022374785792408 ], [ 5.135756602024679, 44.022336637216014 ], [ 5.135244253740878, 44.022116153104172 ], [ 5.135125299643576, 44.0220716574538 ], [ 5.1350226562874, 44.022062856622945 ], [ 5.134800892068205, 44.022071685806253 ], [ 5.134434025886917, 44.022104053148006 ], [ 5.134185943476513, 44.022109793213424 ], [ 5.134153526291729, 44.022110425584906 ], [ 5.133759768659071, 44.022124408278167 ], [ 5.133652913224236, 44.022136395924207 ], [ 5.133482234191432, 44.022176638031446 ], [ 5.133271353523909, 44.022209560792433 ], [ 5.133062157706582, 44.02222084235612 ], [ 5.132842145117415, 44.022209826127025 ], [ 5.132761641417562, 44.022192488583762 ], [ 5.132711566626371, 44.022188062766183 ], [ 5.131939488435097, 44.022028446797812 ], [ 5.13175068190144, 44.021984408392768 ], [ 5.132188968567297, 44.022726743046881 ], [ 5.132622043491788, 44.023462875752593 ], [ 5.132579140742409, 44.023716705117295 ], [ 5.132565659950391, 44.023789894725141 ], [ 5.132617555029002, 44.023842903053492 ], [ 5.132694757823227, 44.023905321680942 ], [ 5.132757806965556, 44.023989624124511 ], [ 5.132836525569973, 44.024125840305558 ], [ 5.132864562418194, 44.024174811979158 ], [ 5.133166636253965, 44.024610985667039 ], [ 5.133237572427885, 44.024705938105164 ], [ 5.133615341011166, 44.025164043533103 ], [ 5.133756879447435, 44.025344951093714 ], [ 5.133811136012723, 44.025394311566941 ], [ 5.13381787599281, 44.025407685105819 ], [ 5.133940509883137, 44.025550246865073 ], [ 5.134051079674778, 44.025670535502123 ], [ 5.134123939393524, 44.025750144300105 ], [ 5.134155819635978, 44.025768429439836 ], [ 5.134265344894244, 44.02582751562764 ], [ 5.134306122056039, 44.025850128838897 ], [ 5.134509570595374, 44.025984811205312 ], [ 5.134616535996543, 44.026075458664593 ], [ 5.134677803377847, 44.026112077310351 ], [ 5.134849710186811, 44.026237470825919 ], [ 5.134906192594397, 44.02627958471848 ], [ 5.134997521842513, 44.026352530276448 ], [ 5.13512053079725, 44.026471674896655 ], [ 5.135172295795166, 44.026521083392176 ], [ 5.135269691699892, 44.026589408688267 ], [ 5.135425965820339, 44.026763724491481 ], [ 5.135513017183817, 44.026855660169815 ], [ 5.135565018991834, 44.026911366218734 ], [ 5.135615134243382, 44.026983315080685 ], [ 5.135661070323344, 44.027043641158045 ], [ 5.13570778114912, 44.027091347421191 ], [ 5.135792679533363, 44.027258953002153 ], [ 5.135812295590706, 44.027316191471186 ], [ 5.135843569999711, 44.027318281974388 ], [ 5.135921824185529, 44.027341963713766 ], [ 5.136091576614854, 44.027376463785153 ], [ 5.136095993665447, 44.027427696604441 ], [ 5.136269294150668, 44.027656599373053 ], [ 5.136520179711233, 44.027957814401134 ], [ 5.136542457644624, 44.027986190091717 ], [ 5.136853711641228, 44.0283996678492 ], [ 5.136965510247326, 44.028585654429598 ], [ 5.136981891417705, 44.028623148569395 ], [ 5.137274395122154, 44.029268377846364 ], [ 5.137402576280707, 44.029458545804538 ], [ 5.13743776614668, 44.02953168591749 ], [ 5.137549841306269, 44.029758181814223 ], [ 5.137552204829673, 44.029821159157194 ], [ 5.13792975920459, 44.030105491640441 ], [ 5.138054398283, 44.030201192898275 ], [ 5.138212439064143, 44.030322351067689 ], [ 5.138389661143634, 44.030489051333419 ], [ 5.138628604154148, 44.030770688455647 ], [ 5.138727565525156, 44.030880395958903 ], [ 5.138933954415777, 44.031159067490037 ], [ 5.139051355120237, 44.031294524076614 ], [ 5.139634728457412, 44.030712304437927 ], [ 5.139829610519167, 44.030518522339619 ], [ 5.140061728216454, 44.030286197471639 ], [ 5.140209631410927, 44.030137450022977 ], [ 5.140470693077629, 44.029878448360833 ], [ 5.140816593168116, 44.029984223328754 ], [ 5.14279481721251, 44.030589242093271 ], [ 5.142884437152468, 44.030616297814284 ], [ 5.143324886847206, 44.030747223508349 ], [ 5.144013944513287, 44.030951605888525 ], [ 5.144595757979397, 44.031124773513731 ], [ 5.145387052738608, 44.031359555829866 ], [ 5.145755552793016, 44.031468473874568 ], [ 5.145792156862557, 44.031479460469534 ], [ 5.145719504281357, 44.032167844235452 ], [ 5.145665757608263, 44.032695596950084 ], [ 5.145651194131733, 44.032839036576227 ], [ 5.14700857293987, 44.032761992631301 ], [ 5.14706336526026, 44.033288517077899 ], [ 5.147189433215777, 44.033487719693632 ], [ 5.147603484552786, 44.034142245205132 ], [ 5.147729769876687, 44.034115457425024 ], [ 5.148154495242014, 44.034026990006033 ], [ 5.148187894640783, 44.034019131599365 ], [ 5.148719085663365, 44.03390786397442 ], [ 5.149848259422012, 44.033669603198213 ], [ 5.150437789335286, 44.033682328455804 ], [ 5.150834966294186, 44.033690728490164 ], [ 5.151088527448316, 44.033696548347145 ], [ 5.151646813408838, 44.033708080612833 ], [ 5.151996500415233, 44.033714709208411 ], [ 5.152951998324705, 44.033735528868867 ], [ 5.153642677652249, 44.033749848084952 ], [ 5.15466808025533, 44.033771077624607 ], [ 5.155335360002386, 44.033760637314266 ], [ 5.155763169872719, 44.033754010613634 ], [ 5.15649529633066, 44.033742285667778 ], [ 5.156658960673528, 44.033812888318735 ], [ 5.156913947216169, 44.033922206172043 ], [ 5.157123290688731, 44.034012615666704 ], [ 5.15742290702648, 44.034048124690422 ], [ 5.158799346529706, 44.034210050613595 ], [ 5.159182927925071, 44.034254702469639 ], [ 5.159536546110623, 44.034299043982877 ], [ 5.15985379505529, 44.034338700159267 ], [ 5.159979184622165, 44.034354232043384 ], [ 5.160396711895906, 44.034405412379911 ], [ 5.161994190678247, 44.034603449869053 ], [ 5.162162221107503, 44.034624439212664 ], [ 5.163393059097631, 44.035387915335242 ], [ 5.164945898988567, 44.035494057327895 ], [ 5.165486133505102, 44.035194356335573 ], [ 5.16615352651282, 44.034825509817068 ], [ 5.166349089393715, 44.034717198075121 ], [ 5.166784183329376, 44.034475393516686 ], [ 5.167441678178132, 44.034437162493425 ], [ 5.167685795744087, 44.034424223753696 ], [ 5.170272254905779, 44.03427571866257 ], [ 5.171374618564601, 44.034089085727715 ], [ 5.171314771778687, 44.033141306077958 ], [ 5.171557837653695, 44.033330057465527 ], [ 5.172256360657071, 44.033877109972707 ], [ 5.172598442303199, 44.034142223955335 ], [ 5.173252428538192, 44.034110329986895 ], [ 5.174108162930127, 44.034067221055579 ], [ 5.1743548058619, 44.034055117557152 ], [ 5.175249370516399, 44.033787040985267 ], [ 5.175414688585144, 44.033736936311556 ], [ 5.175914416563216, 44.03358744607381 ], [ 5.176759600652391, 44.033333844121138 ], [ 5.176790157748599, 44.033317029945735 ], [ 5.177672977400762, 44.032840285654522 ], [ 5.178251399034657, 44.032529856432767 ], [ 5.1786120783456, 44.032334502665016 ], [ 5.178766105249691, 44.03225040433535 ], [ 5.179369386293629, 44.031937673371793 ], [ 5.179397551130876, 44.031923607148968 ], [ 5.180357357622923, 44.031633480470937 ], [ 5.181293737055261, 44.031351015055165 ], [ 5.18198086913812, 44.031142839122325 ], [ 5.182056108400615, 44.031119730302954 ], [ 5.182347733311185, 44.030914036462576 ], [ 5.182556664364061, 44.03076491272099 ], [ 5.18315809216516, 44.030339653563765 ], [ 5.183209648354122, 44.030252191233672 ], [ 5.18341957793012, 44.029901367401948 ], [ 5.183518011127307, 44.029734639013846 ], [ 5.183669279982694, 44.029481322820715 ], [ 5.183819438523527, 44.029231629988899 ], [ 5.184247590271606, 44.029006999658819 ], [ 5.184366094100397, 44.028940709052399 ], [ 5.184638157934679, 44.028778616295725 ], [ 5.184754028921502, 44.0287087764276 ], [ 5.184981446990807, 44.028521464105822 ], [ 5.185048928298523, 44.028458892689777 ], [ 5.185188878185119, 44.028333650126122 ], [ 5.185296334049982, 44.02823966828263 ], [ 5.185377776734797, 44.028150707660245 ], [ 5.185407012544125, 44.028132116712712 ], [ 5.185425233135812, 44.028119147875827 ], [ 5.185526496436454, 44.02796136464152 ], [ 5.185615980453598, 44.027821823616947 ], [ 5.18573023374456, 44.027644873364217 ], [ 5.185780229925705, 44.027516925249316 ], [ 5.185812872746069, 44.027392024848744 ], [ 5.185886859658356, 44.027076324671739 ], [ 5.185960415772595, 44.026879479232093 ], [ 5.186030330413183, 44.026717820142373 ], [ 5.186086797422132, 44.026628457664792 ], [ 5.186183962700597, 44.026526577412518 ], [ 5.186291378983427, 44.026431695028485 ], [ 5.186350680710119, 44.026383691844728 ], [ 5.186541886565002, 44.026228612092275 ], [ 5.186713555782597, 44.026084726661509 ], [ 5.186996344221851, 44.025844983501621 ], [ 5.187334275134939, 44.025546514826608 ], [ 5.187785571751557, 44.025145839451596 ], [ 5.187961427155883, 44.024981160280895 ], [ 5.188164366649803, 44.024806935647653 ], [ 5.188316596378147, 44.024676941680454 ], [ 5.188394703490252, 44.024598849702933 ], [ 5.188499685433633, 44.024538227069897 ], [ 5.188617241688933, 44.024447641269482 ], [ 5.18904208425937, 44.024203250208778 ], [ 5.18914405037336, 44.02416159461783 ], [ 5.189372573038881, 44.0240687875649 ], [ 5.189946406335921, 44.023805205000983 ], [ 5.18997951726244, 44.023790136632748 ], [ 5.190046985889677, 44.023759974907982 ], [ 5.190338923397849, 44.023596569457737 ], [ 5.190437978681551, 44.023544166719326 ], [ 5.190499178072071, 44.023513229878631 ], [ 5.190641561617998, 44.023419443707908 ], [ 5.19094495924089, 44.023262109578098 ], [ 5.191119515348414, 44.023193788604871 ], [ 5.191284234975311, 44.023129265762762 ], [ 5.19145085945177, 44.023049398572674 ], [ 5.19174542075007, 44.022921950700962 ], [ 5.19193954294048, 44.022843332568819 ], [ 5.19224598183737, 44.022667926828255 ], [ 5.192415616616569, 44.022601503056379 ], [ 5.192568245840689, 44.022579536953224 ], [ 5.193129581914849, 44.022413425534047 ], [ 5.194268209900708, 44.022074571435517 ], [ 5.194847995152998, 44.021901778564747 ], [ 5.195094884039252, 44.021670837315391 ], [ 5.197463134343228, 44.019439944916499 ], [ 5.197448825107328, 44.01936010124853 ], [ 5.197147413365389, 44.01778874401321 ], [ 5.19707240939548, 44.017396798185281 ], [ 5.196006056907716, 44.015788580756997 ], [ 5.195677673486224, 44.015199142929092 ], [ 5.194979717084522, 44.013954466248748 ], [ 5.19467439320837, 44.013703993988742 ], [ 5.194387078842669, 44.013467565206483 ], [ 5.192942751669791, 44.012277463553673 ], [ 5.192870588835088, 44.012217686847137 ], [ 5.192924364613613, 44.012221110486323 ], [ 5.193150859933222, 44.012206665691018 ], [ 5.193191754400292, 44.012199543336564 ], [ 5.19329591233259, 44.012183049365369 ], [ 5.193534387794797, 44.012123346329609 ], [ 5.193673483618936, 44.01207463930254 ], [ 5.193745333794777, 44.012029081453349 ], [ 5.193607690796269, 44.011953511909915 ], [ 5.193431854233855, 44.011825587783946 ], [ 5.193314399583072, 44.011755915473479 ], [ 5.193178697018462, 44.011698313399897 ], [ 5.192999088084284, 44.011634388694475 ], [ 5.192748217946556, 44.011566490208146 ], [ 5.192375809186278, 44.011484821064485 ], [ 5.192271479497815, 44.011464403523554 ], [ 5.192173382665851, 44.011443860970054 ], [ 5.192042944677803, 44.011425767144992 ], [ 5.191811397902406, 44.011373685497212 ], [ 5.191585807466161, 44.011314281280882 ], [ 5.191434594602735, 44.011274994745563 ], [ 5.191289337892837, 44.011228385938558 ], [ 5.191086602671547, 44.011146914614606 ], [ 5.190524593154244, 44.010870961687914 ], [ 5.190454995545348, 44.010845345176548 ], [ 5.190378508121947, 44.010802760079756 ], [ 5.190287096892122, 44.010761374116079 ], [ 5.190163208072352, 44.010686425370096 ], [ 5.190013038513301, 44.010609301659208 ], [ 5.189890498984042, 44.010569438966208 ], [ 5.189564295560569, 44.010423811470403 ], [ 5.189020860224383, 44.010143878036928 ], [ 5.188400528408465, 44.009842972039699 ], [ 5.188089253938521, 44.009728553626303 ], [ 5.187728050898112, 44.009613332326346 ], [ 5.187663096715655, 44.009578617825532 ], [ 5.18766382801978, 44.009532685794198 ], [ 5.186779059956071, 44.009394619270708 ], [ 5.186701672507839, 44.009393465406589 ], [ 5.186259968965927, 44.009293353831353 ], [ 5.186066728941669, 44.009263903541026 ], [ 5.185971096639325, 44.009242405975485 ], [ 5.184834832135172, 44.009019315885688 ], [ 5.185164704636359, 44.00825283919724 ], [ 5.185443100986049, 44.007608035734691 ], [ 5.186124726424441, 44.006028723804285 ], [ 5.186457836716349, 44.006030168179137 ], [ 5.186692340130987, 44.006029981682325 ], [ 5.187725325001786, 44.006033633421829 ], [ 5.188784519795192, 44.006037651234806 ], [ 5.189373357686577, 44.006039370800607 ], [ 5.189622887545433, 44.006040677908466 ], [ 5.189955963417725, 44.006041211984027 ], [ 5.190402603581528, 44.006043072112739 ] ] ] ] } },
{ "type": "Feature", "properties": { "INSEE_COM": "84018", "NOM": "Blauvac" }, "geometry": { "type": "MultiPolygon", "coordinates": [ [ [ [ 5.171374618564601, 44.034089085727715 ], [ 5.173452836318289, 44.03478341238268 ], [ 5.173857850192355, 44.034800576935126 ], [ 5.17847451137072, 44.03500227954418 ], [ 5.178904538715822, 44.035020728214938 ], [ 5.179479606143633, 44.035046190362884 ], [ 5.179918398132738, 44.035065360847561 ], [ 5.181045984519245, 44.03511401988861 ], [ 5.181489429890846, 44.035254638919817 ], [ 5.183024394297033, 44.035739930012255 ], [ 5.183434976548915, 44.03586949240664 ], [ 5.185415725881148, 44.036489911813256 ], [ 5.185849043210278, 44.036626214214166 ], [ 5.186039052895687, 44.036634123219208 ], [ 5.186314142447589, 44.036647534936058 ], [ 5.18729446828561, 44.036695471014674 ], [ 5.187627029224626, 44.036710431746805 ], [ 5.189128751560254, 44.036783040728373 ], [ 5.189726427740497, 44.036811598647276 ], [ 5.19094800051238, 44.037031144246221 ], [ 5.190976891875446, 44.037035967933072 ], [ 5.19104226116016, 44.037048164453047 ], [ 5.191177988284099, 44.037072457489366 ], [ 5.191725921040232, 44.037170427706386 ], [ 5.192579157639702, 44.037320801694712 ], [ 5.193701224285118, 44.037516200383592 ], [ 5.194053019208925, 44.037576674388546 ], [ 5.194094451711156, 44.037583046533662 ], [ 5.194688468839244, 44.037678277430288 ], [ 5.194922029949617, 44.037715009473999 ], [ 5.195197058793926, 44.037759012410852 ], [ 5.19639525296334, 44.037953757098322 ], [ 5.196694187893924, 44.038002678656916 ], [ 5.19710491681643, 44.038070063186723 ], [ 5.198964028720741, 44.038798927221606 ], [ 5.199863825079749, 44.039151791244443 ], [ 5.200885307742462, 44.039552621142235 ], [ 5.201126094779938, 44.039646817991041 ], [ 5.201489805954936, 44.039788961763414 ], [ 5.202505005988009, 44.040188102812706 ], [ 5.203522714627136, 44.040587184311185 ], [ 5.20439946473378, 44.040794617850253 ], [ 5.204515390694626, 44.040822894999643 ], [ 5.205002896925646, 44.040938223902678 ], [ 5.205307749577422, 44.041010412684329 ], [ 5.205814176114144, 44.041130758958317 ], [ 5.209119842294698, 44.041915824700467 ], [ 5.209956338124352, 44.042114123256383 ], [ 5.211023387250747, 44.042367182003801 ], [ 5.211077367251595, 44.042375095077034 ], [ 5.212245908072672, 44.042541457207939 ], [ 5.213354670234417, 44.04274322994037 ], [ 5.214155721350396, 44.042863881982164 ], [ 5.215299581444473, 44.043037013843509 ], [ 5.215328477914955, 44.043041831118785 ], [ 5.2166079091722, 44.043202301077955 ], [ 5.21738720996601, 44.043308964414756 ], [ 5.21901234509212, 44.04353173006249 ], [ 5.220159343709791, 44.043688541501602 ], [ 5.220840810753973, 44.04378275927607 ], [ 5.222330391485382, 44.043985717664292 ], [ 5.222469714671055, 44.044005397727112 ], [ 5.223421159608751, 44.043980670129301 ], [ 5.225314033823926, 44.043930493357443 ], [ 5.226610859426742, 44.043896013599614 ], [ 5.227851612330841, 44.043895973653491 ], [ 5.229095367384856, 44.043876950686403 ], [ 5.229464553293267, 44.043869430531331 ], [ 5.230557002482724, 44.043843569026286 ], [ 5.231129559916307, 44.043833698837496 ], [ 5.232262166448417, 44.043813304222489 ], [ 5.233169773887944, 44.043784884019658 ], [ 5.233192224316128, 44.043784425912925 ], [ 5.233417093644282, 44.043757327810376 ], [ 5.233434449216126, 44.043754272506668 ], [ 5.233584448345921, 44.043727801577745 ], [ 5.235598927410805, 44.043373339478805 ], [ 5.235691904936024, 44.043357034159584 ], [ 5.236159250900466, 44.043274555760547 ], [ 5.236774097215235, 44.043165651058253 ], [ 5.237057981179102, 44.043115730245752 ], [ 5.237786897178438, 44.042987380927734 ], [ 5.241640896106381, 44.04230795743284 ], [ 5.243537389964887, 44.042667961402508 ], [ 5.24525905375822, 44.042993704200633 ], [ 5.24590298999982, 44.043116448258388 ], [ 5.249234534335619, 44.043748522455168 ], [ 5.250681383518133, 44.044351743623309 ], [ 5.25112175521211, 44.04453446727117 ], [ 5.252007638450811, 44.044903405239836 ], [ 5.252899191490447, 44.045446893434978 ], [ 5.253795786295977, 44.045991171441088 ], [ 5.256442337679158, 44.047601445888617 ], [ 5.256970639524255, 44.047922794133413 ], [ 5.259222011983274, 44.0492908481068 ], [ 5.261880346817547, 44.050907059872827 ], [ 5.262344803018091, 44.051190986781187 ], [ 5.26274777960671, 44.051435665436543 ], [ 5.262905107428071, 44.051530555058768 ], [ 5.263049166604703, 44.051542883219845 ], [ 5.263295942028773, 44.05156389193322 ], [ 5.265501852769337, 44.05175055622005 ], [ 5.265586167390722, 44.05189287309328 ], [ 5.265688064932053, 44.05210055428401 ], [ 5.265906755029982, 44.052294112661365 ], [ 5.26598468531042, 44.052401446332873 ], [ 5.266120349095549, 44.05267325615565 ], [ 5.266243133994603, 44.052872401055559 ], [ 5.266315031396358, 44.052922234592835 ], [ 5.266417971473683, 44.052967823770743 ], [ 5.266917871516096, 44.053137549520869 ], [ 5.267190799260112, 44.053250748085709 ], [ 5.267426770672708, 44.053376416614313 ], [ 5.267631169609688, 44.053524348092694 ], [ 5.267863472463382, 44.053651892522282 ], [ 5.268114767823021, 44.053754732426704 ], [ 5.268401989239513, 44.053850524535797 ], [ 5.268528275763553, 44.053886624097615 ], [ 5.26911696703717, 44.054028388663816 ], [ 5.269398807212669, 44.054114385497947 ], [ 5.270073991956151, 44.0542021291078 ], [ 5.270590949992872, 44.054235525900367 ], [ 5.270775573771487, 44.054231695985727 ], [ 5.270957271969117, 44.054217121767223 ], [ 5.271112163359208, 44.05418779680263 ], [ 5.271630845043543, 44.054139217356258 ], [ 5.272492845926616, 44.054152838439492 ], [ 5.272680754325493, 44.054168745720332 ], [ 5.27283959550134, 44.054238379331203 ], [ 5.27268431333728, 44.053444757379381 ], [ 5.276615922398036, 44.053761028068955 ], [ 5.278106392930452, 44.053880383484262 ], [ 5.279470189132243, 44.053891608403966 ], [ 5.279883598237217, 44.053895603941015 ], [ 5.280836480763457, 44.053902764349424 ], [ 5.284389611632246, 44.053932214180314 ], [ 5.284397096302909, 44.053932057976311 ], [ 5.28498973408051, 44.054046643813017 ], [ 5.285206136704589, 44.054088046299199 ], [ 5.287062095829738, 44.054447258313687 ], [ 5.290196537627175, 44.05505431893787 ], [ 5.293093802394594, 44.055598730353026 ], [ 5.293344152414448, 44.055645708667242 ], [ 5.294587103805555, 44.055878975443584 ], [ 5.294691515203442, 44.05589839627185 ], [ 5.29478591053752, 44.05591712658147 ], [ 5.294876454684021, 44.055933236352843 ], [ 5.295074035423574, 44.055848057942313 ], [ 5.29518005822132, 44.056031317247523 ], [ 5.295192998031625, 44.056135492290167 ], [ 5.295234898334111, 44.056214749301233 ], [ 5.295291514748174, 44.056287394927793 ], [ 5.295372073410905, 44.056396454875248 ], [ 5.295484813358984, 44.056498537129357 ], [ 5.29557173309202, 44.056579551161519 ], [ 5.295638221460304, 44.056649288413986 ], [ 5.295704310919485, 44.056709129596527 ], [ 5.295796997148599, 44.056778317333325 ], [ 5.295908287310701, 44.056844413599499 ], [ 5.295985749959643, 44.056907617688218 ], [ 5.296046886343642, 44.056968462976286 ], [ 5.296120765718483, 44.057004730127389 ], [ 5.29740435052268, 44.057810669146242 ], [ 5.297409988222732, 44.05801224072097 ], [ 5.29746523681501, 44.058205567893793 ], [ 5.297491745905797, 44.05833647014537 ], [ 5.297516499253828, 44.058454803629679 ], [ 5.297563249417351, 44.058530356559046 ], [ 5.29759528338, 44.058612521163703 ], [ 5.297623429561567, 44.05869116575861 ], [ 5.297644902360987, 44.058759145599034 ], [ 5.297704600467694, 44.05884613194587 ], [ 5.297777368148869, 44.0589166366981 ], [ 5.297849142662765, 44.058993465070159 ], [ 5.297910319592995, 44.059055209028031 ], [ 5.297959215507371, 44.059091099099689 ], [ 5.298005725329524, 44.059129740447794 ], [ 5.298050284876091, 44.059181928752587 ], [ 5.298079946481296, 44.059236230601449 ], [ 5.298111908948702, 44.059316595807559 ], [ 5.298151284218192, 44.059395004583557 ], [ 5.298186154190641, 44.059454599485768 ], [ 5.298221799626422, 44.059502472869042 ], [ 5.298243939869081, 44.059556032192816 ], [ 5.298272390612386, 44.059611259832621 ], [ 5.298339915456107, 44.059675571530192 ], [ 5.29839885278597, 44.059743665104001 ], [ 5.298421247558041, 44.059803521878727 ], [ 5.298437295560791, 44.059860810701601 ], [ 5.298464571723998, 44.059917863774885 ], [ 5.298506092281932, 44.059956609705701 ], [ 5.298544354902693, 44.059976515572515 ], [ 5.298589412767074, 44.059979171091861 ], [ 5.298617440568431, 44.059992989019662 ], [ 5.298643481829288, 44.060019454292878 ], [ 5.298678801047597, 44.06005923078245 ], [ 5.298715658520896, 44.060106178184178 ], [ 5.29875879025874, 44.060153894226104 ], [ 5.298818104224177, 44.060200370033819 ], [ 5.298884504097892, 44.060236792575608 ], [ 5.298949765477631, 44.060275940197812 ], [ 5.298995986271256, 44.060307384030587 ], [ 5.299060617917979, 44.060361851669136 ], [ 5.299141867928861, 44.060425874684888 ], [ 5.299203932012158, 44.060478595366568 ], [ 5.299248154571858, 44.060553300427024 ], [ 5.299274693028889, 44.060622974484794 ], [ 5.299300407954515, 44.060734084391406 ], [ 5.299322125837949, 44.060838975430343 ], [ 5.299361806584982, 44.060893966988139 ], [ 5.299387909257781, 44.060952845349156 ], [ 5.299387691477447, 44.061040189064812 ], [ 5.299388466910309, 44.06112120909782 ], [ 5.299395553013787, 44.061203897390115 ], [ 5.299416399071443, 44.061287197068985 ], [ 5.299444900507929, 44.061405451695308 ], [ 5.299483455582938, 44.061525295955008 ], [ 5.299521029567039, 44.061620849915947 ], [ 5.299550076536296, 44.061752599144924 ], [ 5.299575719822035, 44.061861909775317 ], [ 5.299599413140086, 44.061984767430623 ], [ 5.299666180475423, 44.062215669170826 ], [ 5.299703695161949, 44.062371551455072 ], [ 5.299746055172085, 44.062523730340445 ], [ 5.299839121252885, 44.062787394576432 ], [ 5.299886181681273, 44.062932271473862 ], [ 5.299938971637621, 44.063064422331713 ], [ 5.299993820906808, 44.063185725056741 ], [ 5.300051722648676, 44.063289855943182 ], [ 5.300101884260072, 44.063387846595731 ], [ 5.300139824047785, 44.063492396855189 ], [ 5.300180550109083, 44.06360409180958 ], [ 5.300199957178317, 44.063713533475877 ], [ 5.300316342635751, 44.063843447623249 ], [ 5.300462508097876, 44.064215845363563 ], [ 5.30047839107858, 44.064330763518335 ], [ 5.300642337582733, 44.064556021395433 ], [ 5.300778523052096, 44.064835886858091 ], [ 5.300941795202538, 44.065106178881123 ], [ 5.301180502590344, 44.065111066143764 ], [ 5.302462843934235, 44.06513902949338 ], [ 5.303275220583834, 44.065156156825964 ], [ 5.303423986029059, 44.065160230187374 ], [ 5.30446780368348, 44.065187785892796 ], [ 5.304750326312918, 44.065195344727243 ], [ 5.305640352302076, 44.065218023113928 ], [ 5.306356742270512, 44.064931010394055 ], [ 5.306505727858894, 44.064385826216878 ], [ 5.306577647274999, 44.06412679442203 ], [ 5.306970587729645, 44.062699473037696 ], [ 5.306979365523633, 44.062669574634796 ], [ 5.307257309478438, 44.061732696551097 ], [ 5.308046466324892, 44.059084174349209 ], [ 5.308366126791934, 44.058006852211726 ], [ 5.308605506723988, 44.05719774245285 ], [ 5.308972621182899, 44.055967250079036 ], [ 5.310017631948238, 44.052428225174879 ], [ 5.310117492798731, 44.052089366987644 ], [ 5.310231633675082, 44.051702486011322 ], [ 5.310255863608143, 44.051622739174483 ], [ 5.310360163519458, 44.051270281127472 ], [ 5.310464243087347, 44.050912425261444 ], [ 5.310886784956248, 44.049480869843698 ], [ 5.311955746340021, 44.045861192890925 ], [ 5.312172010515543, 44.045130901759926 ], [ 5.312188594561211, 44.044893746250693 ], [ 5.312201463042094, 44.044718796840428 ], [ 5.312246836006589, 44.044083956989702 ], [ 5.312305075795869, 44.043274168064777 ], [ 5.31237210090519, 44.042342640011206 ], [ 5.311605807140106, 44.042222868810917 ], [ 5.311024165575822, 44.042131607403725 ], [ 5.310234071715143, 44.042009628139652 ], [ 5.309324551492534, 44.041866753133874 ], [ 5.308606027624462, 44.041754957149728 ], [ 5.307714158153304, 44.041616198584428 ], [ 5.307547082171128, 44.041590008578261 ], [ 5.30659744757279, 44.041442554697781 ], [ 5.305115162227893, 44.041210871715165 ], [ 5.305045674164957, 44.040635181977905 ], [ 5.304990570815681, 44.04016813720817 ], [ 5.304812094181839, 44.039150848845793 ], [ 5.304805740304337, 44.039055540871729 ], [ 5.304818748480108, 44.038729324188793 ], [ 5.304817856396992, 44.038398898360832 ], [ 5.304833258453521, 44.038286024716705 ], [ 5.304885809067346, 44.038073325305547 ], [ 5.304899408567664, 44.0379775971169 ], [ 5.304889896019771, 44.037896762041107 ], [ 5.304868832046183, 44.037808066731436 ], [ 5.304871280497203, 44.037591020294741 ], [ 5.304897714444285, 44.037257317920357 ], [ 5.30494141613282, 44.037072717161138 ], [ 5.305005471085379, 44.036897591996727 ], [ 5.30504564945742, 44.036718467795801 ], [ 5.305074203525827, 44.036529684136667 ], [ 5.305076724526663, 44.036437790936681 ], [ 5.305090760290049, 44.036352858323482 ], [ 5.30508352335346, 44.036266573043783 ], [ 5.304929516624859, 44.035884449003056 ], [ 5.304902090611539, 44.035731059552951 ], [ 5.304870131798458, 44.035650697388249 ], [ 5.304856214111568, 44.035584361493179 ], [ 5.304859381639608, 44.035415921373549 ], [ 5.30484737551934, 44.035335138944205 ], [ 5.304803492877688, 44.035268533826951 ], [ 5.304731438463332, 44.035215127560107 ], [ 5.304634625721392, 44.03516674466448 ], [ 5.304537858802227, 44.035088647780086 ], [ 5.304473805939986, 44.035017064997078 ], [ 5.304381827835252, 44.034872238125644 ], [ 5.304360648208528, 44.034688103796682 ], [ 5.304326342324204, 44.034611392543937 ], [ 5.304188580437996, 44.034507146955576 ], [ 5.304122909709642, 44.034333853819575 ], [ 5.30403560356982, 44.034150211538524 ], [ 5.303919643826347, 44.033998686238299 ], [ 5.303760804056217, 44.033866971866793 ], [ 5.303577607363327, 44.033750176324709 ], [ 5.303515303834215, 44.033721775039496 ], [ 5.303365174941304, 44.03365110336172 ], [ 5.303242106433484, 44.033601471270487 ], [ 5.303115624603404, 44.033560014409979 ], [ 5.303004688908644, 44.033532636459675 ], [ 5.302777679959627, 44.033597740331231 ], [ 5.30267369654497, 44.03361883683894 ], [ 5.30257885241049, 44.033619031937199 ], [ 5.302290298539218, 44.033581884944056 ], [ 5.302191323968285, 44.033541649036003 ], [ 5.302125400036013, 44.033485411046613 ], [ 5.301890307185146, 44.033381409724036 ], [ 5.301810085118142, 44.033311066104872 ], [ 5.301780880514106, 44.033236948061514 ], [ 5.301850677409311, 44.033018485712816 ], [ 5.30186603254493, 44.032842586594619 ], [ 5.301911423985621, 44.032668756772594 ], [ 5.301914418249042, 44.032495818889387 ], [ 5.301882574549623, 44.032418154873739 ], [ 5.30184372184024, 44.032352343372338 ], [ 5.301690461038478, 44.032234915187182 ], [ 5.301544708120485, 44.032148842524357 ], [ 5.301439847190301, 44.031962866729913 ], [ 5.301260340552033, 44.031813576027801 ], [ 5.301121780277995, 44.031720148467933 ], [ 5.300949952640267, 44.031637324619105 ], [ 5.300865400604649, 44.031583278513921 ], [ 5.300780037902994, 44.031540054064642 ], [ 5.300681431364192, 44.031508813086667 ], [ 5.300272408014871, 44.031485899142439 ], [ 5.300147459043157, 44.031482223154079 ], [ 5.300070475359601, 44.03149194496909 ], [ 5.299960696016021, 44.031523965437508 ], [ 5.29986503259597, 44.031565593365642 ], [ 5.299712446079242, 44.031711962343493 ], [ 5.299436640515738, 44.031928449819127 ], [ 5.299381169240723, 44.031976435769003 ], [ 5.299275674327841, 44.032114611387399 ], [ 5.299185348318193, 44.032195743658818 ], [ 5.299035652091026, 44.032259215155705 ], [ 5.298835604846881, 44.032312039253128 ], [ 5.298736210753811, 44.032323131325974 ], [ 5.298434118342294, 44.03232137397206 ], [ 5.29834350180197, 44.032302568477178 ], [ 5.298272183280147, 44.032267150569687 ], [ 5.298040286125767, 44.032180181561039 ], [ 5.297962066963194, 44.032159314607178 ], [ 5.297866898562652, 44.032151408986536 ], [ 5.297779756405609, 44.032156840559935 ], [ 5.297703061767955, 44.032173757723442 ], [ 5.297499223369546, 44.032256371785266 ], [ 5.297278194024948, 44.032315035903551 ], [ 5.297096499855811, 44.032327854368347 ], [ 5.296890192815359, 44.032349292695372 ], [ 5.296716379329626, 44.03237184936583 ], [ 5.296622516764217, 44.032396329223772 ], [ 5.296498531918827, 44.032447552473258 ], [ 5.296167567305591, 44.032627372835137 ], [ 5.296073957971791, 44.032658149615379 ], [ 5.295947578387213, 44.032649996861338 ], [ 5.29535749007393, 44.032531820884216 ], [ 5.295255615217769, 44.032512348630192 ], [ 5.295102795902543, 44.03249844681369 ], [ 5.294713015973424, 44.032488614152655 ], [ 5.294170184919357, 44.032490092703448 ], [ 5.294012522993675, 44.032479892455456 ], [ 5.293846437202945, 44.032446458508844 ], [ 5.293368557677718, 44.032449272595471 ], [ 5.29327037302646, 44.032459433941646 ], [ 5.29317285572971, 44.032455175019287 ], [ 5.29307815839012, 44.032458960396411 ], [ 5.292972693699482, 44.032505289522561 ], [ 5.292842998212311, 44.032600747197066 ], [ 5.292825147295539, 44.032653343705753 ], [ 5.292821199298874, 44.032772277532047 ], [ 5.292806044018574, 44.032860833042342 ], [ 5.292766238796882, 44.032957108165945 ], [ 5.292713963599574, 44.033053644565975 ], [ 5.292598241662436, 44.03321723858415 ], [ 5.292457604424453, 44.033474994765903 ], [ 5.292346140050939, 44.033558364845142 ], [ 5.292301397614492, 44.033625030460094 ], [ 5.292300988019035, 44.033707874683259 ], [ 5.292315288949527, 44.033784108021557 ], [ 5.292293012708646, 44.033881816544053 ], [ 5.292269831127643, 44.03395703434272 ], [ 5.292149866909969, 44.034232364841515 ], [ 5.292129504897829, 44.034315627043895 ], [ 5.292121379787827, 44.03442384377049 ], [ 5.292146199919888, 44.034513362626605 ], [ 5.292600163608368, 44.034908126447768 ], [ 5.292744978458227, 44.035095074160552 ], [ 5.292784655573119, 44.035181580469789 ], [ 5.292837796624004, 44.035261501934187 ], [ 5.292957325677073, 44.035409362169432 ], [ 5.292971410577559, 44.035480197717796 ], [ 5.292886979455554, 44.035553097621182 ], [ 5.292655277991192, 44.035719122005183 ], [ 5.29259768594063, 44.035807666342876 ], [ 5.292555456647017, 44.035905793063556 ], [ 5.292533252420376, 44.036005301011393 ], [ 5.292512682607904, 44.036207419034305 ], [ 5.292488092724528, 44.036309678132582 ], [ 5.292387968950047, 44.036581892348501 ], [ 5.292316893472329, 44.036924628719234 ], [ 5.292263495800658, 44.037055403327457 ], [ 5.292058538384963, 44.037265885648964 ], [ 5.292053067677826, 44.037347035263501 ], [ 5.292075756912346, 44.037445602832868 ], [ 5.292070162879732, 44.037833787815849 ], [ 5.29208276697776, 44.037929865486909 ], [ 5.292125047880089, 44.038019018823569 ], [ 5.292182294054866, 44.03810785867924 ], [ 5.292308895789423, 44.038276280763625 ], [ 5.29235385257725, 44.038369879937271 ], [ 5.292373976103967, 44.038466700487874 ], [ 5.292377452753612, 44.038553065087704 ], [ 5.292356059712352, 44.03864175144701 ], [ 5.292285692142911, 44.03881610036548 ], [ 5.292165620629857, 44.038995992318227 ], [ 5.292113877693592, 44.039043896408266 ], [ 5.291804641249446, 44.039237654278992 ], [ 5.291748886859866, 44.039309952735366 ], [ 5.291656591387804, 44.039466752672823 ], [ 5.291575792968652, 44.039661128169421 ], [ 5.291530521756626, 44.039745812456118 ], [ 5.291367954570353, 44.039955405880384 ], [ 5.291341804424392, 44.04001898074516 ], [ 5.291343815265751, 44.040099973771618 ], [ 5.291361483133172, 44.040259873326264 ], [ 5.291419566587773, 44.040431532111917 ], [ 5.291476705480317, 44.040517673559137 ], [ 5.291494962007662, 44.04053709987091 ], [ 5.291606922307087, 44.040930927351567 ], [ 5.291617084394181, 44.040997343477947 ], [ 5.29161403461091, 44.041076641742634 ], [ 5.291598295972068, 44.041150803373462 ], [ 5.291572885839731, 44.041201757360007 ], [ 5.291489345850175, 44.041235020340672 ], [ 5.291398898429238, 44.041220707166516 ], [ 5.291310619580311, 44.041198244995897 ], [ 5.291069880891534, 44.041202384834882 ], [ 5.290857125634528, 44.041281571181749 ], [ 5.290667815399691, 44.041416090593444 ], [ 5.29059174083064, 44.041479809898625 ], [ 5.290428926262425, 44.041590364142877 ], [ 5.290331540689541, 44.041651828114894 ], [ 5.290220255067766, 44.041709080937736 ], [ 5.290131563117948, 44.041769462400538 ], [ 5.290065283993715, 44.041828474390094 ], [ 5.290029226463459, 44.041894057062621 ], [ 5.289976991685071, 44.041960878627407 ], [ 5.28990344615746, 44.042025444912596 ], [ 5.289819669757891, 44.042083922479151 ], [ 5.289718324077449, 44.042140066405963 ], [ 5.289513552967938, 44.042231688491853 ], [ 5.289174320479181, 44.042363038910821 ], [ 5.288888336414342, 44.042514883955164 ], [ 5.288780735354003, 44.04260177110919 ], [ 5.288714706981114, 44.04266707975026 ], [ 5.288665217461698, 44.042740145993989 ], [ 5.288509174323319, 44.0429261885266 ], [ 5.288441048569506, 44.043001445158602 ], [ 5.28828840206037, 44.043147799148315 ], [ 5.288203664360882, 44.04321349867282 ], [ 5.287981190959544, 44.043330698886244 ], [ 5.287781383367601, 44.043452827165055 ], [ 5.287584123270562, 44.043607315891521 ], [ 5.287516140046319, 44.043686170518392 ], [ 5.287356439660586, 44.043843475307533 ], [ 5.287069319678461, 44.044153808016802 ], [ 5.286728634600233, 44.044591313942881 ], [ 5.286524424399111, 44.044821578789161 ], [ 5.286445593275596, 44.044879049995885 ], [ 5.286318752499358, 44.044922217458584 ], [ 5.28593692878499, 44.045019332051247 ], [ 5.285693187540215, 44.045104557632989 ], [ 5.285577751520773, 44.045151987987843 ], [ 5.28547643231006, 44.045209027720759 ], [ 5.28539261057337, 44.045266602366404 ], [ 5.285221096861976, 44.045409744393638 ], [ 5.285153288741968, 44.045493095818287 ], [ 5.285080094228433, 44.045566655362364 ], [ 5.285039617199151, 44.045646734891235 ], [ 5.285019982527876, 44.045717375340232 ], [ 5.285021098349324, 44.045807391155627 ], [ 5.285033078555681, 44.045888176231571 ], [ 5.285083123471425, 44.046046500604618 ], [ 5.285211228242352, 44.046096948924024 ], [ 5.28527836123579, 44.04615227181629 ], [ 5.285301225876633, 44.046193212389312 ], [ 5.285287919543563, 44.046234908242823 ], [ 5.285229786591283, 44.046217213868054 ], [ 5.285049492889882, 44.0462038708595 ], [ 5.284901030990385, 44.046206070043596 ], [ 5.28486275899879, 44.046278900355261 ], [ 5.284819129570942, 44.046467092595428 ], [ 5.284787001642055, 44.046568607145637 ], [ 5.284722788965972, 44.04664828169102 ], [ 5.284636036599073, 44.046695112224143 ], [ 5.284504798816244, 44.046722162255797 ], [ 5.284221648689772, 44.046696558507726 ], [ 5.283901765871301, 44.046688828007788 ], [ 5.283815574438111, 44.046718538737949 ], [ 5.283750385962638, 44.046773922487013 ], [ 5.283694613971412, 44.046846217145728 ], [ 5.283629713890452, 44.046908797933646 ], [ 5.283272343858847, 44.047055814636252 ], [ 5.283161184881966, 44.047116659010001 ], [ 5.283056478596881, 44.047182771011947 ], [ 5.282965672721968, 44.047253094916847 ], [ 5.28283940114182, 44.047310652626038 ], [ 5.282709841205125, 44.047348470165176 ], [ 5.282547779098283, 44.047385164613516 ], [ 5.28239893223589, 44.047408977754095 ], [ 5.282255002342142, 44.047430887376386 ], [ 5.282107532030087, 44.047426759290531 ], [ 5.281976189899992, 44.047388980269048 ], [ 5.281740607774636, 44.047273239550343 ], [ 5.281212330648382, 44.046987122894883 ], [ 5.28106347780398, 44.046917293745445 ], [ 5.280777431266553, 44.046788196584835 ], [ 5.280479741894519, 44.046680050283385 ], [ 5.280337343364413, 44.046615488047443 ], [ 5.280092136125216, 44.046477434763766 ], [ 5.279880246431233, 44.046329683026755 ], [ 5.2797277949139, 44.04616988816138 ], [ 5.279660797975571, 44.046086647067646 ], [ 5.279417613485628, 44.045749564223762 ], [ 5.279348695539945, 44.045587128739641 ], [ 5.279220901197467, 44.045325976205902 ], [ 5.279169936931503, 44.045144258604445 ], [ 5.279167848311251, 44.045092079546123 ], [ 5.279173940231743, 44.044745303004539 ], [ 5.279128600681805, 44.044548161713664 ], [ 5.279058427884248, 44.044447879140833 ], [ 5.278981780110864, 44.044372942243292 ], [ 5.278811360841127, 44.044263041950984 ], [ 5.278789617768418, 44.044249988863996 ], [ 5.278520930280949, 44.044086310183602 ], [ 5.278294472043047, 44.044010890197214 ], [ 5.278185230511844, 44.043963642952541 ], [ 5.278045204359752, 44.043926940668378 ], [ 5.277783405516644, 44.043872964199615 ], [ 5.277629084579529, 44.043822152708223 ], [ 5.277518848622972, 44.043781228231708 ], [ 5.277140363442579, 44.043587417287874 ], [ 5.277052218506803, 44.043537028834656 ], [ 5.276969734226793, 44.043472116344311 ], [ 5.276866011454981, 44.043406745274908 ], [ 5.276683810437188, 44.043314194347076 ], [ 5.276450690030339, 44.043228104643354 ], [ 5.276335611075274, 44.043190881317663 ], [ 5.27620464216813, 44.043162091850384 ], [ 5.276075376685483, 44.043113458291863 ], [ 5.275865451612419, 44.043014279562122 ], [ 5.275667064544733, 44.042891450478429 ], [ 5.275557683531232, 44.042840602085583 ], [ 5.275447415012283, 44.042798775906697 ], [ 5.275350398569073, 44.042744969072636 ], [ 5.27527187466973, 44.042685375373075 ], [ 5.275109827688847, 44.042534778231087 ], [ 5.275058264578668, 44.042431405367957 ], [ 5.275048815317818, 44.042413594081296 ], [ 5.275043639406792, 44.042284046080184 ], [ 5.275026972904252, 44.042210560893892 ], [ 5.274985039138611, 44.042129497494486 ], [ 5.2749179101177, 44.042042655131539 ], [ 5.274827408206151, 44.041964402055072 ], [ 5.274710535952228, 44.041882195110162 ], [ 5.274396326000947, 44.041703246263914 ], [ 5.274323835285431, 44.04166963776332 ], [ 5.274289478696656, 44.041653244436617 ], [ 5.274170770584348, 44.041618795540415 ], [ 5.274060443886363, 44.041606681990906 ], [ 5.273933267457932, 44.041610224997683 ], [ 5.273718223745112, 44.041632700798381 ], [ 5.273664738664021, 44.041637413565716 ], [ 5.273541796553872, 44.041621960052559 ], [ 5.273435057905896, 44.041574656310566 ], [ 5.273339005296349, 44.0415136247098 ], [ 5.273271314723619, 44.041443900415914 ], [ 5.27314689745908, 44.041266407817119 ], [ 5.273072396967736, 44.041182418715117 ], [ 5.272937680369375, 44.04099703639293 ], [ 5.272836980452839, 44.040882077846142 ], [ 5.272618131098773, 44.040684036352651 ], [ 5.272413272053433, 44.040555033559272 ], [ 5.272251221375837, 44.040466559237103 ], [ 5.271983019540885, 44.040376687030097 ], [ 5.271897952727085, 44.04034063695476 ], [ 5.271783869463491, 44.040265572288199 ], [ 5.271733427037434, 44.040190086795555 ], [ 5.271712351061041, 44.040131098970882 ], [ 5.271700821632541, 44.040061108364888 ], [ 5.271728025524975, 44.039992114470408 ], [ 5.271766740772094, 44.039930084672996 ], [ 5.271794653301287, 44.039847570296359 ], [ 5.271786012908618, 44.039787423955289 ], [ 5.27170362069828, 44.039505513503023 ], [ 5.271599687100998, 44.039278073215854 ], [ 5.271556270943307, 44.039222250288837 ], [ 5.271345641622597, 44.039073557108516 ], [ 5.271299058617068, 44.039032205956154 ], [ 5.271262659217559, 44.038964532313109 ], [ 5.271247604502302, 44.038900017188062 ], [ 5.271221469261451, 44.038839333570749 ], [ 5.271179973959364, 44.038769064527216 ], [ 5.271089258461669, 44.038653897450025 ], [ 5.271017410770665, 44.03860496708392 ], [ 5.27094371475359, 44.038572281923081 ], [ 5.270858588062462, 44.038565945021851 ], [ 5.270780100055559, 44.038600887906078 ], [ 5.270714190735148, 44.038638270871495 ], [ 5.270628677775699, 44.038653550991896 ], [ 5.270507384613787, 44.038647964242948 ], [ 5.270329046911357, 44.038651664304531 ], [ 5.269780036431425, 44.038687363401095 ], [ 5.269699432027164, 44.038669226824737 ], [ 5.26932097157, 44.038474489763658 ], [ 5.269211238602211, 44.038383125548279 ], [ 5.269040763595923, 44.038333537934633 ], [ 5.268989660423279, 44.03830398455672 ], [ 5.268940334625746, 44.038256386663257 ], [ 5.268914094605161, 44.038193003600583 ], [ 5.268941472744389, 44.038096995450502 ], [ 5.268982217956561, 44.038023219685122 ], [ 5.269204694501546, 44.037843032014834 ], [ 5.269245618437766, 44.03777375435444 ], [ 5.269243208908393, 44.037681965369593 ], [ 5.269059408675231, 44.037329225543303 ], [ 5.26903010124532, 44.037251500046835 ], [ 5.268985864718616, 44.037174984483826 ], [ 5.268875532883322, 44.037099839344947 ], [ 5.26875206424952, 44.03707088591792 ], [ 5.268504245866093, 44.037053514079091 ], [ 5.268225042639279, 44.037062903287342 ], [ 5.268107458518229, 44.037056336696871 ], [ 5.26787951519063, 44.037005237398596 ], [ 5.267797767340843, 44.036958311005996 ], [ 5.267752966296505, 44.036898913933811 ], [ 5.267620104112757, 44.036759407074712 ], [ 5.267515101385116, 44.036598614030659 ], [ 5.267483696323068, 44.03653083585764 ], [ 5.26746330004603, 44.036457427280567 ], [ 5.267469020619974, 44.036381676769714 ], [ 5.267508411982467, 44.036305228549971 ], [ 5.267611455030725, 44.036134722103853 ], [ 5.267687915158535, 44.035954862272966 ], [ 5.267718927987416, 44.035856078105034 ], [ 5.267753748529931, 44.035570836288649 ], [ 5.267761720551323, 44.035363583617475 ], [ 5.267750930664411, 44.035061279511893 ], [ 5.267738332416077, 44.034964299560926 ], [ 5.267704306122366, 44.034799334819027 ], [ 5.267636939347041, 44.034674677732966 ], [ 5.267362400231116, 44.034612838313798 ], [ 5.267107635100692, 44.034546086633696 ], [ 5.266952782336674, 44.03451237930836 ], [ 5.266860955184426, 44.034462960048806 ], [ 5.266709568320675, 44.03429682482389 ], [ 5.266648946894906, 44.034216146073824 ], [ 5.266289452350355, 44.033869743302347 ], [ 5.26610700675107, 44.033738465030147 ], [ 5.265893816306456, 44.033618627691006 ], [ 5.265793661891858, 44.033610797467738 ], [ 5.265683716046705, 44.033639185040379 ], [ 5.265547010269931, 44.033653720503068 ], [ 5.265414576738601, 44.033650159772058 ], [ 5.265220676519216, 44.033607354333931 ], [ 5.264962606721246, 44.033551470796596 ], [ 5.264836367536721, 44.033515367533184 ], [ 5.264719353283705, 44.033460165255192 ], [ 5.264487988330251, 44.033291180644852 ], [ 5.264371010644814, 44.033236877639176 ], [ 5.264248120090485, 44.033190800271427 ], [ 5.264144614273189, 44.033161428842241 ], [ 5.26411283127424, 44.033146780069657 ], [ 5.263883901183974, 44.033038969579714 ], [ 5.263664943377047, 44.032899439115141 ], [ 5.263604224985819, 44.032847572949876 ], [ 5.263498105528547, 44.0327210142353 ], [ 5.263433110197424, 44.032655730800343 ], [ 5.263323969921705, 44.032578755186357 ], [ 5.263288231986627, 44.032558785733237 ], [ 5.263151729920446, 44.032484176674934 ], [ 5.263060552804276, 44.032450947763614 ], [ 5.26284078531411, 44.03235375025249 ], [ 5.26282325607134, 44.03235231200928 ], [ 5.262755744341501, 44.03238071946047 ], [ 5.262642201372181, 44.032412779871223 ], [ 5.262406414202426, 44.032414954233218 ], [ 5.262402673250597, 44.032415031582708 ], [ 5.262269885437596, 44.032402470669076 ], [ 5.262046353741547, 44.032398988610083 ], [ 5.261505058860263, 44.032438989593146 ], [ 5.261310029116847, 44.032430415057895 ], [ 5.261147028134624, 44.032411274167366 ], [ 5.260959477402054, 44.032371031281023 ], [ 5.260776450607773, 44.032318989715336 ], [ 5.260637211340133, 44.032269644702026 ], [ 5.260473815488165, 44.032209093676641 ], [ 5.260153042904547, 44.032050951173773 ], [ 5.260075442166675, 44.03201383789623 ], [ 5.259935635551218, 44.031981610887975 ], [ 5.259798470632959, 44.032015956961665 ], [ 5.259684929065267, 44.032079527405507 ], [ 5.259570604273848, 44.032154818789188 ], [ 5.259310491567212, 44.032267334686949 ], [ 5.259274900100015, 44.032282475593867 ], [ 5.25909936306234, 44.032324816075118 ], [ 5.25892165102417, 44.032343791402148 ], [ 5.258744936091404, 44.032356443225126 ], [ 5.25858389671747, 44.032355265560184 ], [ 5.258393142146971, 44.032328590084617 ], [ 5.258219667163352, 44.032297055784937 ], [ 5.258200748385661, 44.032292043979645 ], [ 5.258136047941946, 44.032296980751738 ], [ 5.257749730181688, 44.032248229027068 ], [ 5.257506496138096, 44.032219933742269 ], [ 5.257322014121455, 44.032225540514631 ], [ 5.25715295936935, 44.032242533612504 ], [ 5.256942434034765, 44.03228379160177 ], [ 5.256820052148234, 44.032313327097718 ], [ 5.256669488543099, 44.032356048928797 ], [ 5.256473606037904, 44.032420413758835 ], [ 5.256207179360011, 44.032499738480276 ], [ 5.256042683767654, 44.032505831334483 ], [ 5.255825351357448, 44.032501308376254 ], [ 5.25566256580457, 44.032487557158277 ], [ 5.255047587247285, 44.032400291477437 ], [ 5.255018550334531, 44.032391886154464 ], [ 5.254936498832627, 44.032368366628205 ], [ 5.254880634100425, 44.03234430739758 ], [ 5.254806136231595, 44.032290919758225 ], [ 5.25478974734297, 44.032286755610549 ], [ 5.254666189454872, 44.032255087452313 ], [ 5.254524924128709, 44.032248994491241 ], [ 5.25450368978972, 44.032248531636263 ], [ 5.253873430497894, 44.032184984031801 ], [ 5.253821378545702, 44.032162646486405 ], [ 5.253732309741646, 44.032119462392338 ], [ 5.253642208691976, 44.032050188646721 ], [ 5.253240052690346, 44.0317271333627 ], [ 5.253017638258948, 44.031499416927311 ], [ 5.252873922348953, 44.03136822044538 ], [ 5.252795225605631, 44.031271700069155 ], [ 5.25274089749738, 44.031191785026685 ], [ 5.252694195163643, 44.031083801397656 ], [ 5.252603852673002, 44.030913690090365 ], [ 5.252593200970133, 44.030896802293235 ], [ 5.252428938171066, 44.03062466979236 ], [ 5.252371012664263, 44.030548430165126 ], [ 5.252317221238624, 44.030450496470223 ], [ 5.252264643130622, 44.030320124369503 ], [ 5.25213240524753, 44.030163480399288 ], [ 5.251646797784822, 44.029843938481143 ], [ 5.251540421636815, 44.029773197399876 ], [ 5.251476152443065, 44.02975741284375 ], [ 5.251225023853137, 44.029718461908011 ], [ 5.251075963589666, 44.029704421675802 ], [ 5.250962993243253, 44.029687838035606 ], [ 5.250862918900875, 44.029681793448098 ], [ 5.250737550475052, 44.029667265371742 ], [ 5.250473953504178, 44.029628569215909 ], [ 5.250260589438668, 44.029597843052393 ], [ 5.250062609256613, 44.029640630579458 ], [ 5.250024449028257, 44.029685533524457 ], [ 5.249926542678242, 44.029734366161875 ], [ 5.24985599758818, 44.029780835351445 ], [ 5.24979766982203, 44.029852263684852 ], [ 5.24974575742666, 44.029896548930765 ], [ 5.24969060164236, 44.029953506040727 ], [ 5.249680089928864, 44.029971729602948 ], [ 5.249668686624845, 44.029998975211747 ], [ 5.24962058587803, 44.030044982769738 ], [ 5.249591441119746, 44.030065390166975 ], [ 5.249536714691832, 44.030101629824159 ], [ 5.249500372498709, 44.030129388145049 ], [ 5.249451205546981, 44.030148406399718 ], [ 5.248599834467271, 44.030426113549076 ], [ 5.248224061321942, 44.030549082906191 ], [ 5.248155261988484, 44.03057660730191 ], [ 5.248039118071802, 44.030574491765314 ], [ 5.248032883321098, 44.030574619862485 ], [ 5.247909794504879, 44.030554639450315 ], [ 5.247788596072922, 44.030519313755846 ], [ 5.24770277819223, 44.030463452960198 ], [ 5.247665271864146, 44.030398496340496 ], [ 5.247614932464746, 44.030387825593934 ], [ 5.244627194571464, 44.02978288473583 ], [ 5.243895027787828, 44.029634035264607 ], [ 5.243716439549716, 44.029598981744492 ], [ 5.242973267734261, 44.029455754109087 ], [ 5.2399829133361, 44.028876853103391 ], [ 5.239828233555955, 44.028846706086455 ], [ 5.239507581505153, 44.028784841811799 ], [ 5.238338121399024, 44.028558470337032 ], [ 5.237569791125658, 44.028409418762799 ], [ 5.230770769709374, 44.027092362977307 ], [ 5.229564902683298, 44.026858538415048 ], [ 5.228523074931558, 44.026670879635837 ], [ 5.226974525035118, 44.026353069809538 ], [ 5.225983836463168, 44.026164346343386 ], [ 5.225868175776902, 44.026142389690349 ], [ 5.223562145816514, 44.025694982149922 ], [ 5.223433913122751, 44.025670577393065 ], [ 5.223101969743132, 44.025606194274012 ], [ 5.222400398918079, 44.025470987667944 ], [ 5.221454271673704, 44.024504308160488 ], [ 5.221407526285273, 44.024457538240576 ], [ 5.219778946867549, 44.023364244344371 ], [ 5.218442614620127, 44.022468483200207 ], [ 5.218313220717827, 44.022381971552221 ], [ 5.218229867494684, 44.022324238051603 ], [ 5.2181054963993, 44.022238524693186 ], [ 5.217173173410108, 44.021591159262613 ], [ 5.216783372762418, 44.021321748643125 ], [ 5.216252477410686, 44.020953454930464 ], [ 5.215884440132631, 44.0206980061837 ], [ 5.215719025443364, 44.02058340992707 ], [ 5.215194956353257, 44.020454467832117 ], [ 5.21413158468631, 44.020189681758758 ], [ 5.213311428957001, 44.019986591415069 ], [ 5.212375881121747, 44.01976782164877 ], [ 5.211693482039912, 44.019609652250153 ], [ 5.210658512918445, 44.019368568524655 ], [ 5.210152339376118, 44.019250045435633 ], [ 5.20995219142493, 44.019204569439097 ], [ 5.209296280396249, 44.018023949962412 ], [ 5.208919891841644, 44.017326575003885 ], [ 5.208774611714801, 44.017054901157231 ], [ 5.208541986816049, 44.016622027017085 ], [ 5.208150787758775, 44.01589613812488 ], [ 5.207646688944551, 44.014960944541372 ], [ 5.206730472873287, 44.013499256557644 ], [ 5.206036448810313, 44.012394121861156 ], [ 5.205378337201745, 44.011345882190305 ], [ 5.205219865131782, 44.011248238273232 ], [ 5.205190943789908, 44.011210106395453 ], [ 5.205038684318132, 44.011015099452187 ], [ 5.205009853825469, 44.010914841728564 ], [ 5.204970556790299, 44.010769777627253 ], [ 5.204960703431463, 44.01051517796764 ], [ 5.204855278696083, 44.010240896564127 ], [ 5.204782835070939, 44.010045180849815 ], [ 5.204702550149542, 44.009936956817043 ], [ 5.204506772200221, 44.009745527591249 ], [ 5.204274707561305, 44.009551227957438 ], [ 5.203908208842242, 44.009074226976189 ], [ 5.203622590611392, 44.008914318000869 ], [ 5.203562271682462, 44.008902928383627 ], [ 5.203290824910876, 44.008786850034006 ], [ 5.203079007913309, 44.00869658036116 ], [ 5.202960469594488, 44.008599029535588 ], [ 5.202847068146672, 44.008569801401187 ], [ 5.202718013341514, 44.008522881482939 ], [ 5.202623756042601, 44.008472559635855 ], [ 5.202586251559187, 44.008438201421797 ], [ 5.202441375500209, 44.008401503591891 ], [ 5.202256582704905, 44.008397121376817 ], [ 5.202081280288367, 44.008412355375881 ], [ 5.20181571438561, 44.008448313436432 ], [ 5.201594386002939, 44.008402349357709 ], [ 5.201456890203018, 44.008395213071303 ], [ 5.201325070726149, 44.008373556850664 ], [ 5.201099755592454, 44.008288957194772 ], [ 5.201015163835523, 44.008262748804604 ], [ 5.200997082873164, 44.008214494032124 ], [ 5.200935474765116, 44.008137403771265 ], [ 5.200832012360348, 44.008107073250223 ], [ 5.200668167558673, 44.008095964450668 ], [ 5.200516470534486, 44.008044095502747 ], [ 5.200183400890918, 44.007914843962929 ], [ 5.199722632866943, 44.007741341854654 ], [ 5.19940265658812, 44.00762803089296 ], [ 5.199079393574556, 44.007526489580997 ], [ 5.198856269005664, 44.007466150717526 ], [ 5.198687194224948, 44.007416429364831 ], [ 5.198515689779858, 44.007303732546696 ], [ 5.19832251335384, 44.007211278624929 ], [ 5.198140113533801, 44.007204140417038 ], [ 5.19777487132912, 44.007275404596186 ], [ 5.197657081968231, 44.007293977574328 ], [ 5.197572157053476, 44.007388419289775 ], [ 5.197495407263673, 44.007533115915898 ], [ 5.197441333834561, 44.007651246949045 ], [ 5.197341303886635, 44.007645153499695 ], [ 5.19715802320544, 44.007453460958772 ], [ 5.197019556548526, 44.007388716699047 ], [ 5.196721854952072, 44.007335273610636 ], [ 5.196549877525407, 44.007339627877478 ], [ 5.196378075485519, 44.007380892410453 ], [ 5.19621655702672, 44.007430053264564 ], [ 5.196092532651267, 44.007416337397878 ], [ 5.195645876749937, 44.007317263585165 ], [ 5.195414172981096, 44.00732551605617 ], [ 5.195130533531816, 44.007345614497126 ], [ 5.194712067628959, 44.007363015652793 ], [ 5.194673253917999, 44.007359292769294 ], [ 5.194321817251375, 44.007270907725264 ], [ 5.194129686336372, 44.007173023512557 ], [ 5.193957291592056, 44.007069341039696 ], [ 5.193859236357407, 44.007049699696282 ], [ 5.193764470794068, 44.00705070014812 ], [ 5.193592077941909, 44.007011841700972 ], [ 5.193381426391656, 44.00701606629503 ], [ 5.193216339935852, 44.007037383636671 ], [ 5.192834161542309, 44.007154888246568 ], [ 5.192588781417057, 44.007196721572093 ], [ 5.192461053437159, 44.007216388501135 ], [ 5.19242227459054, 44.007213564467015 ], [ 5.191714632284159, 44.00707468890252 ], [ 5.191438127122214, 44.007020806827988 ], [ 5.191016896938069, 44.006901397424869 ], [ 5.190892979850104, 44.00685796231668 ], [ 5.190662563255879, 44.006737430227204 ], [ 5.190454343017287, 44.006577738502543 ], [ 5.190402603581528, 44.006043072112739 ], [ 5.189955963417725, 44.006041211984027 ], [ 5.189622887545433, 44.006040677908466 ], [ 5.189373357686577, 44.006039370800607 ], [ 5.188784519795192, 44.006037651234806 ], [ 5.187725325001786, 44.006033633421829 ], [ 5.186692340130987, 44.006029981682325 ], [ 5.186457836716349, 44.006030168179137 ], [ 5.186124726424441, 44.006028723804285 ], [ 5.185443100986049, 44.007608035734691 ], [ 5.185164704636359, 44.00825283919724 ], [ 5.184834832135172, 44.009019315885688 ], [ 5.185971096639325, 44.009242405975485 ], [ 5.186066728941669, 44.009263903541026 ], [ 5.186259968965927, 44.009293353831353 ], [ 5.186701672507839, 44.009393465406589 ], [ 5.186779059956071, 44.009394619270708 ], [ 5.18766382801978, 44.009532685794198 ], [ 5.187663096715655, 44.009578617825532 ], [ 5.187728050898112, 44.009613332326346 ], [ 5.188089253938521, 44.009728553626303 ], [ 5.188400528408465, 44.009842972039699 ], [ 5.189020860224383, 44.010143878036928 ], [ 5.189564295560569, 44.010423811470403 ], [ 5.189890498984042, 44.010569438966208 ], [ 5.190013038513301, 44.010609301659208 ], [ 5.190163208072352, 44.010686425370096 ], [ 5.190287096892122, 44.010761374116079 ], [ 5.190378508121947, 44.010802760079756 ], [ 5.190454995545348, 44.010845345176548 ], [ 5.190524593154244, 44.010870961687914 ], [ 5.191086602671547, 44.011146914614606 ], [ 5.191289337892837, 44.011228385938558 ], [ 5.191434594602735, 44.011274994745563 ], [ 5.191585807466161, 44.011314281280882 ], [ 5.191811397902406, 44.011373685497212 ], [ 5.192042944677803, 44.011425767144992 ], [ 5.192173382665851, 44.011443860970054 ], [ 5.192271479497815, 44.011464403523554 ], [ 5.192375809186278, 44.011484821064485 ], [ 5.192748217946556, 44.011566490208146 ], [ 5.192999088084284, 44.011634388694475 ], [ 5.193178697018462, 44.011698313399897 ], [ 5.193314399583072, 44.011755915473479 ], [ 5.193431854233855, 44.011825587783946 ], [ 5.193607690796269, 44.011953511909915 ], [ 5.193745333794777, 44.012029081453349 ], [ 5.193673483618936, 44.01207463930254 ], [ 5.193534387794797, 44.012123346329609 ], [ 5.19329591233259, 44.012183049365369 ], [ 5.193191754400292, 44.012199543336564 ], [ 5.193150859933222, 44.012206665691018 ], [ 5.192924364613613, 44.012221110486323 ], [ 5.192870588835088, 44.012217686847137 ], [ 5.192942751669791, 44.012277463553673 ], [ 5.194387078842669, 44.013467565206483 ], [ 5.19467439320837, 44.013703993988742 ], [ 5.194979717084522, 44.013954466248748 ], [ 5.195677673486224, 44.015199142929092 ], [ 5.196006056907716, 44.015788580756997 ], [ 5.19707240939548, 44.017396798185281 ], [ 5.197147413365389, 44.01778874401321 ], [ 5.197448825107328, 44.01936010124853 ], [ 5.197463134343228, 44.019439944916499 ], [ 5.195094884039252, 44.021670837315391 ], [ 5.194847995152998, 44.021901778564747 ], [ 5.194268209900708, 44.022074571435517 ], [ 5.193129581914849, 44.022413425534047 ], [ 5.192568245840689, 44.022579536953224 ], [ 5.192415616616569, 44.022601503056379 ], [ 5.19224598183737, 44.022667926828255 ], [ 5.19193954294048, 44.022843332568819 ], [ 5.19174542075007, 44.022921950700962 ], [ 5.19145085945177, 44.023049398572674 ], [ 5.191284234975311, 44.023129265762762 ], [ 5.191119515348414, 44.023193788604871 ], [ 5.19094495924089, 44.023262109578098 ], [ 5.190641561617998, 44.023419443707908 ], [ 5.190499178072071, 44.023513229878631 ], [ 5.190437978681551, 44.023544166719326 ], [ 5.190338923397849, 44.023596569457737 ], [ 5.190046985889677, 44.023759974907982 ], [ 5.18997951726244, 44.023790136632748 ], [ 5.189946406335921, 44.023805205000983 ], [ 5.189372573038881, 44.0240687875649 ], [ 5.18914405037336, 44.02416159461783 ], [ 5.18904208425937, 44.024203250208778 ], [ 5.188617241688933, 44.024447641269482 ], [ 5.188499685433633, 44.024538227069897 ], [ 5.188394703490252, 44.024598849702933 ], [ 5.188316596378147, 44.024676941680454 ], [ 5.188164366649803, 44.024806935647653 ], [ 5.187961427155883, 44.024981160280895 ], [ 5.187785571751557, 44.025145839451596 ], [ 5.187334275134939, 44.025546514826608 ], [ 5.186996344221851, 44.025844983501621 ], [ 5.186713555782597, 44.026084726661509 ], [ 5.186541886565002, 44.026228612092275 ], [ 5.186350680710119, 44.026383691844728 ], [ 5.186291378983427, 44.026431695028485 ], [ 5.186183962700597, 44.026526577412518 ], [ 5.186086797422132, 44.026628457664792 ], [ 5.186030330413183, 44.026717820142373 ], [ 5.185960415772595, 44.026879479232093 ], [ 5.185886859658356, 44.027076324671739 ], [ 5.185812872746069, 44.027392024848744 ], [ 5.185780229925705, 44.027516925249316 ], [ 5.18573023374456, 44.027644873364217 ], [ 5.185615980453598, 44.027821823616947 ], [ 5.185526496436454, 44.02796136464152 ], [ 5.185425233135812, 44.028119147875827 ], [ 5.185407012544125, 44.028132116712712 ], [ 5.185377776734797, 44.028150707660245 ], [ 5.185296334049982, 44.02823966828263 ], [ 5.185188878185119, 44.028333650126122 ], [ 5.185048928298523, 44.028458892689777 ], [ 5.184981446990807, 44.028521464105822 ], [ 5.184754028921502, 44.0287087764276 ], [ 5.184638157934679, 44.028778616295725 ], [ 5.184366094100397, 44.028940709052399 ], [ 5.184247590271606, 44.029006999658819 ], [ 5.183819438523527, 44.029231629988899 ], [ 5.183669279982694, 44.029481322820715 ], [ 5.183518011127307, 44.029734639013846 ], [ 5.18341957793012, 44.029901367401948 ], [ 5.183209648354122, 44.030252191233672 ], [ 5.18315809216516, 44.030339653563765 ], [ 5.182556664364061, 44.03076491272099 ], [ 5.182347733311185, 44.030914036462576 ], [ 5.182056108400615, 44.031119730302954 ], [ 5.18198086913812, 44.031142839122325 ], [ 5.181293737055261, 44.031351015055165 ], [ 5.180357357622923, 44.031633480470937 ], [ 5.179397551130876, 44.031923607148968 ], [ 5.179369386293629, 44.031937673371793 ], [ 5.178766105249691, 44.03225040433535 ], [ 5.1786120783456, 44.032334502665016 ], [ 5.178251399034657, 44.032529856432767 ], [ 5.177672977400762, 44.032840285654522 ], [ 5.176790157748599, 44.033317029945735 ], [ 5.176759600652391, 44.033333844121138 ], [ 5.175914416563216, 44.03358744607381 ], [ 5.175414688585144, 44.033736936311556 ], [ 5.175249370516399, 44.033787040985267 ], [ 5.1743548058619, 44.034055117557152 ], [ 5.174108162930127, 44.034067221055579 ], [ 5.173252428538192, 44.034110329986895 ], [ 5.172598442303199, 44.034142223955335 ], [ 5.172256360657071, 44.033877109972707 ], [ 5.171557837653695, 44.033330057465527 ], [ 5.171314771778687, 44.033141306077958 ], [ 5.171374618564601, 44.034089085727715 ] ] ] ] } },
{ "type": "Feature", "properties": { "INSEE_COM": "84011", "NOM": "Le Beaucet" }, "geometry": { "type": "MultiPolygon", "coordinates": [ [ [ [ 5.121955156266526, 43.996738074792226 ], [ 5.12348979443099, 43.994913959747194 ], [ 5.124599742683478, 43.993609453389652 ], [ 5.124618943951455, 43.993589273428036 ], [ 5.125515464041207, 43.992615718078468 ], [ 5.125885445772205, 43.992337531511708 ], [ 5.125949584218852, 43.992251655118444 ], [ 5.125917998312484, 43.992207253550866 ], [ 5.126129226013441, 43.992052794430869 ], [ 5.126313267802471, 43.991938477314037 ], [ 5.126423777278125, 43.991892213015127 ], [ 5.126749846006284, 43.99177423282493 ], [ 5.126846479255818, 43.991723736408865 ], [ 5.126925028290741, 43.991656485715339 ], [ 5.126947571411881, 43.991558813409846 ], [ 5.127155376515542, 43.991245963747744 ], [ 5.127242953443654, 43.99115332843833 ], [ 5.127341875999457, 43.99109738515925 ], [ 5.127482603301816, 43.990958699948536 ], [ 5.127715188085533, 43.990675077425628 ], [ 5.127768748313854, 43.990573200164533 ], [ 5.127774717065284, 43.990499258367834 ], [ 5.127751229111683, 43.990304347562379 ], [ 5.127748609361515, 43.990234174153343 ], [ 5.127765910981688, 43.989996154957254 ], [ 5.127726179938403, 43.989900594654294 ], [ 5.127699719638491, 43.989793072051775 ], [ 5.127598066864749, 43.989575373842733 ], [ 5.127550759023348, 43.989477260002651 ], [ 5.127503522072113, 43.989347633847693 ], [ 5.127483292942675, 43.989239989999007 ], [ 5.127465469679519, 43.988996352240889 ], [ 5.127429824735922, 43.988809780911446 ], [ 5.127625695843478, 43.988812271923024 ], [ 5.127724405582112, 43.988817553635769 ], [ 5.127879626006479, 43.98883343958871 ], [ 5.127957488168414, 43.988848129919759 ], [ 5.128909417512279, 43.986156574776082 ], [ 5.128863182734648, 43.986120562261654 ], [ 5.128825267007536, 43.986073584025597 ], [ 5.128798263189472, 43.986018290526602 ], [ 5.128571695240148, 43.985560842261243 ], [ 5.128789423600245, 43.985414354213262 ], [ 5.129469341859973, 43.984956360535776 ], [ 5.130456785325699, 43.984286199515736 ], [ 5.130565559834679, 43.984227360343368 ], [ 5.130800587239808, 43.984076929857281 ], [ 5.131489262497378, 43.983620553302856 ], [ 5.131606215854936, 43.983613771622807 ], [ 5.131812105425076, 43.98358454859315 ], [ 5.131796751041917, 43.983540732768667 ], [ 5.131774733695289, 43.983352096894656 ], [ 5.131772984106053, 43.983305314873455 ], [ 5.131781876233084, 43.983243020084331 ], [ 5.131812960176377, 43.983173990417264 ], [ 5.13187283678866, 43.983074689076204 ], [ 5.131954904931377, 43.982968652800601 ], [ 5.132042528647135, 43.982877813398112 ], [ 5.132113449893904, 43.982773794997541 ], [ 5.132140087785816, 43.982719256909384 ], [ 5.132140398330166, 43.982427550410065 ], [ 5.13217788188041, 43.982262963002299 ], [ 5.132220449126973, 43.982134288839234 ], [ 5.132247086617761, 43.982079750745172 ], [ 5.132282714856593, 43.982032239774632 ], [ 5.132327300180279, 43.981990856264829 ], [ 5.132428424480955, 43.981927662853124 ], [ 5.13249297824834, 43.981886790104475 ], [ 5.132529043702489, 43.981850974551357 ], [ 5.132560799131302, 43.981799937791685 ], [ 5.132701528656654, 43.981395654527539 ], [ 5.132740962186922, 43.981283246892595 ], [ 5.132749313881727, 43.981239869112883 ], [ 5.132735003877525, 43.981157319797127 ], [ 5.132739281202862, 43.9811050184084 ], [ 5.13275766753544, 43.981063245496742 ], [ 5.132909772106159, 43.980929733273577 ], [ 5.132999714673791, 43.980834346333999 ], [ 5.133101476988534, 43.980654999935183 ], [ 5.13309588796997, 43.980572280529586 ], [ 5.133096360462686, 43.980451629873656 ], [ 5.133087403777867, 43.980412191025309 ], [ 5.13304948836634, 43.980365214408693 ], [ 5.133019048085715, 43.980351403374634 ], [ 5.133017802524471, 43.980318116239012 ], [ 5.133042283245165, 43.980272623147819 ], [ 5.133094813348103, 43.980243688647207 ], [ 5.133124715499303, 43.980176482340504 ], [ 5.1332451305782, 43.980062494456277 ], [ 5.133272237467795, 43.9800205513069 ], [ 5.133325609416614, 43.979914173690908 ], [ 5.13337194379162, 43.979753014537884 ], [ 5.133388814230689, 43.979637445787795 ], [ 5.133384235222547, 43.979515093142155 ], [ 5.133328709941624, 43.979364024482166 ], [ 5.13329645207623, 43.979301632341851 ], [ 5.133192371743551, 43.979152411417992 ], [ 5.133174762399142, 43.978981696404595 ], [ 5.133186447052733, 43.978927449900624 ], [ 5.133235104208608, 43.978795055433935 ], [ 5.133339220425269, 43.978345570533463 ], [ 5.133392590925209, 43.978172570182124 ], [ 5.13346006940808, 43.978043409587904 ], [ 5.133492495408532, 43.977943742892428 ], [ 5.133531049479048, 43.977874567066415 ], [ 5.133531453606214, 43.977818740084842 ], [ 5.13353098242586, 43.977639588005239 ], [ 5.133531117476331, 43.977343384106092 ], [ 5.133565462284849, 43.977128440592814 ], [ 5.133644185270106, 43.976999960782706 ], [ 5.133666475459576, 43.976962613123128 ], [ 5.133819172848287, 43.976778670905212 ], [ 5.133942643302612, 43.976646616521961 ], [ 5.134113824431658, 43.976490222612696 ], [ 5.134154498569796, 43.976477724572163 ], [ 5.134283793685325, 43.976434686525344 ], [ 5.134288709586373, 43.976432789934854 ], [ 5.134421708739345, 43.976422090476198 ], [ 5.134507434225728, 43.976414114522903 ], [ 5.134862153957052, 43.976364873402417 ], [ 5.135044480000881, 43.976339705261246 ], [ 5.135065524057635, 43.976335693028538 ], [ 5.135132732387208, 43.976399202539824 ], [ 5.135535093455964, 43.976290508711593 ], [ 5.135740211824904, 43.976208174758604 ], [ 5.135964217596674, 43.976097561832425 ], [ 5.136022735446378, 43.976062206741908 ], [ 5.136097413538159, 43.975992324149466 ], [ 5.136167244573233, 43.97595944884074 ], [ 5.136320004987784, 43.975910547964581 ], [ 5.136382529547826, 43.975882316839566 ], [ 5.136710636894587, 43.975688640153606 ], [ 5.13685288829286, 43.975592227610036 ], [ 5.136981770732064, 43.975471767910008 ], [ 5.137106244840824, 43.975400010857946 ], [ 5.137246679950701, 43.975354950844029 ], [ 5.13745805741332, 43.975306702926083 ], [ 5.137531826584421, 43.97527915157238 ], [ 5.137572969046951, 43.975245935998998 ], [ 5.137728285389773, 43.975198783751871 ], [ 5.137814343477848, 43.975166490349032 ], [ 5.138111769655006, 43.974986013678645 ], [ 5.138275870072364, 43.974907178053193 ], [ 5.138505726353584, 43.974819853374534 ], [ 5.138659727487631, 43.974770924891267 ], [ 5.138769518650281, 43.974706655624786 ], [ 5.138970551784742, 43.974615392333199 ], [ 5.13905714519284, 43.974564180990114 ], [ 5.139184680131947, 43.974507666861776 ], [ 5.139239490798678, 43.974473282865027 ], [ 5.139298808520338, 43.974392894930816 ], [ 5.139342103250712, 43.974350633476703 ], [ 5.139395600382253, 43.974314474490598 ], [ 5.13941155563816, 43.974274548680675 ], [ 5.139502280237799, 43.974134125642493 ], [ 5.139721296260702, 43.973791323089202 ], [ 5.139785408714768, 43.973539782579046 ], [ 5.139818901644034, 43.97346890296059 ], [ 5.139883861173219, 43.973273164909827 ], [ 5.140037215245557, 43.972908239163289 ], [ 5.140130795270613, 43.972744351749306 ], [ 5.140144933543233, 43.972722467570094 ], [ 5.140345945661992, 43.972531267972428 ], [ 5.140398160947238, 43.972494233279662 ], [ 5.140419976072059, 43.97247760058994 ], [ 5.14054359081705, 43.972350037312331 ], [ 5.140650909293771, 43.972220092105083 ], [ 5.140692178710704, 43.972157162713657 ], [ 5.140749811281117, 43.972098414387077 ], [ 5.140823029979982, 43.972023155250731 ], [ 5.140932070172471, 43.971939091713566 ], [ 5.140991015558244, 43.971882118159897 ], [ 5.141011715373617, 43.971835797058766 ], [ 5.141040957518853, 43.971718184375312 ], [ 5.141046400307784, 43.971630747981798 ], [ 5.141587718111043, 43.971671461387132 ], [ 5.141749998218783, 43.971677284965288 ], [ 5.141934464525529, 43.971676371414134 ], [ 5.142038935057776, 43.9716698227206 ], [ 5.14220871823485, 43.971643087520825 ], [ 5.142364358992674, 43.971604925236328 ], [ 5.14247034033302, 43.971572237600384 ], [ 5.14253359566615, 43.971530483941251 ], [ 5.1426048999004, 43.971503877703292 ], [ 5.142674383578308, 43.971462001877299 ], [ 5.142759312073022, 43.971366705107229 ], [ 5.142895550666052, 43.971276704552139 ], [ 5.143054904972021, 43.971105222963622 ], [ 5.1430865773623, 43.971052384176907 ], [ 5.143139155940004, 43.970991933031272 ], [ 5.143272523986152, 43.970858773524945 ], [ 5.143315035213954, 43.970795818768345 ], [ 5.143373909394215, 43.970737044679616 ], [ 5.143417835216507, 43.970678563681766 ], [ 5.143467109978305, 43.970596569788 ], [ 5.143506182371937, 43.970508473789785 ], [ 5.143743552933424, 43.970223823187396 ], [ 5.144151713238355, 43.969939423231715 ], [ 5.14435268711745, 43.969847250654162 ], [ 5.143873405039314, 43.969466819178443 ], [ 5.144454671245087, 43.969178122416814 ], [ 5.144851975407973, 43.968870524813639 ], [ 5.145187250569787, 43.96850472288537 ], [ 5.145194690549753, 43.968503676562186 ], [ 5.145420346578644, 43.9683056816692 ], [ 5.146478773710866, 43.967281959949922 ], [ 5.148502606429388, 43.966672302646067 ], [ 5.148763225062053, 43.966741004557008 ], [ 5.148868433460571, 43.966886586532418 ], [ 5.149844770049899, 43.967060053037045 ], [ 5.150222251245537, 43.967153462148119 ], [ 5.150787100218485, 43.967422344460026 ], [ 5.150979022799701, 43.967520302531604 ], [ 5.151102416701884, 43.967552986177509 ], [ 5.151404623074177, 43.967633467813805 ], [ 5.151510012169152, 43.967684511564514 ], [ 5.15149403587373, 43.967624505391377 ], [ 5.151516300244845, 43.967553843101065 ], [ 5.151577755699726, 43.967497714587864 ], [ 5.151644906433015, 43.967460380397249 ], [ 5.151839665365356, 43.967369216431855 ], [ 5.151898493268714, 43.967309538230644 ], [ 5.151934390790426, 43.967236806832766 ], [ 5.151998395588842, 43.967050083214914 ], [ 5.152037622153935, 43.966966482547456 ], [ 5.152083993431845, 43.966907049507533 ], [ 5.15214989753881, 43.966869739544912 ], [ 5.152213944705252, 43.966816260562318 ], [ 5.152290481681926, 43.966763435907204 ], [ 5.152369883279981, 43.966720458174485 ], [ 5.152422278214466, 43.966655504521469 ], [ 5.152449500476325, 43.966617155502554 ], [ 5.152461096338089, 43.966561108051771 ], [ 5.15246759690479, 43.966469148627922 ], [ 5.152486598329267, 43.966411154722884 ], [ 5.152537849149229, 43.966348924473039 ], [ 5.152668194877447, 43.96623561951386 ], [ 5.152741299600806, 43.966190964906495 ], [ 5.152927140840575, 43.966127884135645 ], [ 5.153214258540196, 43.966006988836206 ], [ 5.153315874960879, 43.965958170914604 ], [ 5.153383758673452, 43.96590731657254 ], [ 5.15341016448499, 43.965847376008192 ], [ 5.153418429497288, 43.965703163918782 ], [ 5.153475770613096, 43.965637211998946 ], [ 5.153602919819543, 43.965538373807782 ], [ 5.153639017934728, 43.96547103975437 ], [ 5.153656160618536, 43.965396876736278 ], [ 5.153674796028039, 43.965164230162692 ], [ 5.153717257547157, 43.965100371932728 ], [ 5.153778912085849, 43.965049640090001 ], [ 5.153862454653163, 43.965017383336978 ], [ 5.15394954177374, 43.96501296620044 ], [ 5.154079385695724, 43.965018510023825 ], [ 5.154421428592138, 43.965064886510525 ], [ 5.154540968262129, 43.965061629823524 ], [ 5.154634746847587, 43.965036373154732 ], [ 5.154706908908554, 43.964999838557084 ], [ 5.154800198960561, 43.964928675676092 ], [ 5.154862519917629, 43.964862624833643 ], [ 5.154985584857465, 43.964655828591674 ], [ 5.155097200978064, 43.964442955812906 ], [ 5.155210937158004, 43.964319171576172 ], [ 5.155221194911336, 43.964293760689507 ], [ 5.155295404664724, 43.964245481315636 ], [ 5.155367599308635, 43.964209845935713 ], [ 5.15555818363511, 43.964074642435278 ], [ 5.15565609201041, 43.964026795724806 ], [ 5.155839303886633, 43.963894438054432 ], [ 5.155892746735317, 43.963857371580914 ], [ 5.155961054797771, 43.963784899853906 ], [ 5.155967515388869, 43.963692040734308 ], [ 5.155932023203604, 43.963577501496047 ], [ 5.155929657997802, 43.963383081753683 ], [ 5.155949921356954, 43.963292651305146 ], [ 5.155985130864282, 43.963201926022194 ], [ 5.156125360897385, 43.962921865054696 ], [ 5.156173297141684, 43.962838091105183 ], [ 5.156237555283314, 43.962658562571789 ], [ 5.15629111954508, 43.962591783374208 ], [ 5.156443548715399, 43.962436624024136 ], [ 5.156605008919459, 43.962223666609155 ], [ 5.156704077187778, 43.96214068407324 ], [ 5.156950514744626, 43.961966563025598 ], [ 5.157109508213241, 43.961820276252197 ], [ 5.157181242440474, 43.961739633385136 ], [ 5.157280070781346, 43.96165035290521 ], [ 5.157371167512777, 43.961587333853245 ], [ 5.157487199878018, 43.961425689032389 ], [ 5.157529470174503, 43.961324020212295 ], [ 5.157718411583954, 43.961079908201839 ], [ 5.157876010479478, 43.960831012877946 ], [ 5.157925343878177, 43.960718400780237 ], [ 5.157970293832639, 43.960588769393468 ], [ 5.158015890463767, 43.960476231047593 ], [ 5.158026750365416, 43.960367979834004 ], [ 5.158055134420683, 43.960228772171007 ], [ 5.158034636159514, 43.959917670969475 ], [ 5.158000952142261, 43.959785090792771 ], [ 5.157980443196544, 43.95960543455277 ], [ 5.15805351218778, 43.959428432044795 ], [ 5.158155153928401, 43.959084308677696 ], [ 5.15819402179316, 43.958826953986417 ], [ 5.158214027230547, 43.958696914902788 ], [ 5.158230145752364, 43.958530040058399 ], [ 5.158301145965183, 43.958166715092922 ], [ 5.158304367408412, 43.957988391022376 ], [ 5.15823709886044, 43.957561174284109 ], [ 5.158148946494993, 43.957174883768168 ], [ 5.158057836744177, 43.95687508093161 ], [ 5.157989819963647, 43.956658550386635 ], [ 5.157948373580345, 43.956551332292811 ], [ 5.157899208315596, 43.956338931011409 ], [ 5.15796577727053, 43.956319610413892 ], [ 5.158005872846385, 43.956259398560469 ], [ 5.158011866899199, 43.956187255855419 ], [ 5.158000913568892, 43.955996607673292 ], [ 5.157995583003329, 43.955888676448552 ], [ 5.158010314308384, 43.955783950276327 ], [ 5.158046849113175, 43.955662588065437 ], [ 5.15806837147966, 43.955539721708789 ], [ 5.15810908853094, 43.954969025342024 ], [ 5.158153755806169, 43.954897919531994 ], [ 5.158205403961398, 43.954780760354282 ], [ 5.158236542556933, 43.954714423216586 ], [ 5.158244340620104, 43.954689961010416 ], [ 5.158317903956664, 43.954427420107763 ], [ 5.1584367602982, 43.954143277590767 ], [ 5.158489598938875, 43.954057605404088 ], [ 5.158552005900016, 43.953994251770034 ], [ 5.158703943859857, 43.953859806149417 ], [ 5.158728066876352, 43.95383862263462 ], [ 5.158783239850442, 43.953781713894429 ], [ 5.158814051402427, 43.953739691253261 ], [ 5.158817378672079, 43.953728821883111 ], [ 5.158849114236303, 43.95364536703331 ], [ 5.158984680906134, 43.953407709593414 ], [ 5.159177325759374, 43.953163522380741 ], [ 5.159451870603501, 43.952877202748653 ], [ 5.159486110458857, 43.952827009445656 ], [ 5.159676552020363, 43.95255765641771 ], [ 5.159771064313213, 43.952420743028078 ], [ 5.159934974298221, 43.95220773271749 ], [ 5.160011877977303, 43.952132387763477 ], [ 5.160199427811701, 43.951951320658743 ], [ 5.160408520848862, 43.951779730632111 ], [ 5.160500639144721, 43.95171128694345 ], [ 5.160606898181705, 43.951654267510207 ], [ 5.16073756683751, 43.951616571959072 ], [ 5.16099301610808, 43.951616021948816 ], [ 5.161118155980438, 43.951629752532604 ], [ 5.161226714523554, 43.951666318497644 ], [ 5.161338445605279, 43.951720827665426 ], [ 5.161599829730956, 43.951811089461032 ], [ 5.161727665309419, 43.951830167852592 ], [ 5.161842570878312, 43.951836897660058 ], [ 5.162003773500903, 43.951815702256454 ], [ 5.162551435567164, 43.951633807540645 ], [ 5.162680107107759, 43.951576342493901 ], [ 5.162800539202223, 43.951531644620012 ], [ 5.163101379929897, 43.951446463031814 ], [ 5.163256730054163, 43.951435284944282 ], [ 5.16354073367263, 43.951399051835182 ], [ 5.163623790448315, 43.951387503972768 ], [ 5.163792769863018, 43.951374254645387 ], [ 5.164097498396157, 43.951325905736205 ], [ 5.164193877231596, 43.951304190256586 ], [ 5.164234014734717, 43.951278186800408 ], [ 5.164382607817921, 43.951220325143396 ], [ 5.162059074973222, 43.950677525559591 ], [ 5.161524645335313, 43.95064938563393 ], [ 5.160260944081276, 43.950351167731164 ], [ 5.159749743269652, 43.949521291688008 ], [ 5.159625043851244, 43.949650698842035 ], [ 5.159540380245184, 43.949751405270149 ], [ 5.159447665927303, 43.949836965614281 ], [ 5.159185728416066, 43.950060915097566 ], [ 5.159075239255519, 43.950137823339809 ], [ 5.158652497972929, 43.950294725242486 ], [ 5.158483535091644, 43.950341277474216 ], [ 5.158325968901106, 43.950359694992777 ], [ 5.15815347947351, 43.950345996184375 ], [ 5.157982765764629, 43.950313355713448 ], [ 5.157813793904366, 43.950260873960524 ], [ 5.157651627108046, 43.950223562696941 ], [ 5.157531438055699, 43.950208830178241 ], [ 5.157433016670785, 43.950176562031373 ], [ 5.15720659492878, 43.950120712140851 ], [ 5.156968047917775, 43.950040793026496 ], [ 5.156844436810659, 43.949968508078868 ], [ 5.156738653921791, 43.949873363599274 ], [ 5.156629884111751, 43.949798084591002 ], [ 5.156502109452181, 43.949747488668976 ], [ 5.156339039885268, 43.949719196334442 ], [ 5.156304207648851, 43.949720784017146 ], [ 5.155995562296114, 43.949731375866946 ], [ 5.155942718787988, 43.949718013712165 ], [ 5.155837971018419, 43.949683168095767 ], [ 5.155775641877531, 43.949682597211336 ], [ 5.15543220689219, 43.949629952537244 ], [ 5.155233345375603, 43.949643778392094 ], [ 5.155165776027728, 43.94966941921578 ], [ 5.155090543864953, 43.94972312042583 ], [ 5.15505685842658, 43.949821017182032 ], [ 5.155008931480864, 43.949904790003735 ], [ 5.154937672487963, 43.949964714847845 ], [ 5.154887412309312, 43.950019724032195 ], [ 5.154868826671664, 43.950088513354906 ], [ 5.154803045698085, 43.95012852347967 ], [ 5.154631058190285, 43.950194035644486 ], [ 5.154157045637565, 43.95034652909083 ], [ 5.153981886716922, 43.950394096738165 ], [ 5.153829401808024, 43.950415108478396 ], [ 5.153578882529796, 43.950447055179403 ], [ 5.153419933351521, 43.950461891647315 ], [ 5.153227056898149, 43.950469293744433 ], [ 5.153121652940553, 43.95048307462735 ], [ 5.152898222654628, 43.950506383280221 ], [ 5.152499167153439, 43.950597972789467 ], [ 5.15232464020985, 43.95062931990509 ], [ 5.152155331693256, 43.950666866055052 ], [ 5.151966642131151, 43.950719198420039 ], [ 5.151817800161838, 43.950770745762597 ], [ 5.151512487243597, 43.950803766690278 ], [ 5.151174686234514, 43.951131824226877 ], [ 5.146915414638654, 43.952725391872981 ], [ 5.146597116463958, 43.95284418235979 ], [ 5.14537927244366, 43.953300242254919 ], [ 5.144131893410774, 43.953766771119746 ], [ 5.142599397312881, 43.954340609845019 ], [ 5.141971379615585, 43.954575295209708 ], [ 5.140680565166722, 43.954815760170355 ], [ 5.139282069599735, 43.955076323715232 ], [ 5.139246190753413, 43.95508332816879 ], [ 5.137035786556321, 43.955494798149452 ], [ 5.133929326000796, 43.956074073423714 ], [ 5.130556597844369, 43.955932812439514 ], [ 5.130450007527172, 43.955815151182776 ], [ 5.130402517395123, 43.955778264592439 ], [ 5.130315849671605, 43.955726836696122 ], [ 5.130228306397839, 43.95568532905174 ], [ 5.130159273676466, 43.955672269973626 ], [ 5.130481935582916, 43.956069312376968 ], [ 5.132047012186537, 43.957996034183985 ], [ 5.132182859106591, 43.958162639724335 ], [ 5.132199081538582, 43.958229845514353 ], [ 5.132235196304788, 43.958329073897985 ], [ 5.132266328722521, 43.958461710493054 ], [ 5.13229436262854, 43.95867813521852 ], [ 5.132293885565546, 43.958932028455855 ], [ 5.132281023689391, 43.959088030910216 ], [ 5.132247086992431, 43.959380389537401 ], [ 5.132215579236421, 43.959437723032444 ], [ 5.132211705909636, 43.959534130482737 ], [ 5.132227424179124, 43.95958784169671 ], [ 5.132244522485925, 43.959645127177886 ], [ 5.132044294076371, 43.960156801662016 ], [ 5.131919872643651, 43.960495940414916 ], [ 5.131867287800312, 43.960689630044229 ], [ 5.131781950225411, 43.960874055249171 ], [ 5.131737783510351, 43.96095954480819 ], [ 5.131659349686546, 43.961028597046941 ], [ 5.131592225902471, 43.961100129535026 ], [ 5.131479114974193, 43.961308503967615 ], [ 5.131469012830754, 43.961405032949138 ], [ 5.1314780314284, 43.961479581858889 ], [ 5.131504924115584, 43.961565486060358 ], [ 5.131526663125165, 43.96174692245819 ], [ 5.131525044068665, 43.961836983930347 ], [ 5.131497909678707, 43.961911337647336 ], [ 5.131361237015207, 43.962022939235766 ], [ 5.131287343451695, 43.962146820913617 ], [ 5.131236508967572, 43.962254047504622 ], [ 5.131213986167969, 43.962318407940309 ], [ 5.131308004612567, 43.962332779921972 ], [ 5.131187404429392, 43.962841099856085 ], [ 5.131157377442027, 43.962838084169178 ], [ 5.131119095296154, 43.963014389027443 ], [ 5.131113465633507, 43.963197259602154 ], [ 5.131088310899116, 43.963391314503284 ], [ 5.131051345418568, 43.963469461041214 ], [ 5.130951291483773, 43.963627163711969 ], [ 5.130924898282014, 43.9636546872945 ], [ 5.130900989824011, 43.963815406795433 ], [ 5.130892941860067, 43.963866880794406 ], [ 5.130889978503211, 43.963887645466386 ], [ 5.130884112675878, 43.964064218611107 ], [ 5.130883334641133, 43.964143460177603 ], [ 5.130842423574628, 43.964349526196585 ], [ 5.130821886316098, 43.964400343393635 ], [ 5.130811311837488, 43.964484277462482 ], [ 5.130760439096798, 43.964623915473254 ], [ 5.13061166741391, 43.9648455886474 ], [ 5.130550724910816, 43.965049344194831 ], [ 5.130439936499714, 43.965053304344451 ], [ 5.13035436197203, 43.965064875636862 ], [ 5.130333725092097, 43.965079682678656 ], [ 5.130280163654678, 43.965114037746311 ], [ 5.13022057596086, 43.965153912040989 ], [ 5.130042856305583, 43.965268112589428 ], [ 5.129381997986064, 43.965696028029434 ], [ 5.128788092292928, 43.966081221583778 ], [ 5.128769811470117, 43.96609238123461 ], [ 5.128297569642846, 43.966397776590114 ], [ 5.125932681919464, 43.967928394857445 ], [ 5.125409266570447, 43.968266283287555 ], [ 5.125293646956186, 43.968341455779402 ], [ 5.124973519944297, 43.968548446809486 ], [ 5.124603492208087, 43.968787917350788 ], [ 5.12458416518917, 43.968804498424795 ], [ 5.124438647671568, 43.96888025112051 ], [ 5.124308211729118, 43.968959311716567 ], [ 5.124250330763275, 43.969011753724516 ], [ 5.124025983766897, 43.969179968160105 ], [ 5.12397258225151, 43.969218818465762 ], [ 5.123923085223345, 43.969262094379438 ], [ 5.123851842103599, 43.969290487697307 ], [ 5.123757875340559, 43.969311219774021 ], [ 5.123655490437948, 43.969340218025756 ], [ 5.12356317128581, 43.969371721527878 ], [ 5.123530241956047, 43.969391267573293 ], [ 5.123488793975555, 43.969416380903468 ], [ 5.12340842274775, 43.96946745877014 ], [ 5.123319365193061, 43.969519605612618 ], [ 5.123223911606628, 43.969567375118473 ], [ 5.123128591866177, 43.969618743141361 ], [ 5.123043538839865, 43.969678014375646 ], [ 5.12296259114859, 43.969747109113847 ], [ 5.122918310086193, 43.969796585360854 ], [ 5.122885039052997, 43.969840445958098 ], [ 5.122835607654031, 43.96988552069503 ], [ 5.122764162238633, 43.969908515414417 ], [ 5.122696426677281, 43.969897226623537 ], [ 5.122614412877819, 43.969904221068113 ], [ 5.122529499327535, 43.969933779269716 ], [ 5.12243451977935, 43.969960831956293 ], [ 5.122333613141956, 43.969996102344744 ], [ 5.122223008828895, 43.970038763324361 ], [ 5.122145568968175, 43.970068176119021 ], [ 5.122024965425449, 43.970110130723398 ], [ 5.121943111842945, 43.970154934163709 ], [ 5.121859135061277, 43.970209682060947 ], [ 5.121848258709446, 43.970218896193991 ], [ 5.121780643073474, 43.970277827932868 ], [ 5.121712283802886, 43.97035027856991 ], [ 5.121640019896033, 43.970418303449662 ], [ 5.121571124639727, 43.970476359593633 ], [ 5.121523305586812, 43.970531305734028 ], [ 5.121456224855226, 43.970604631695231 ], [ 5.121368335340592, 43.970688264761776 ], [ 5.121317314399915, 43.970757677759316 ], [ 5.12125905344941, 43.970833533337853 ], [ 5.121204027368531, 43.970895821602774 ], [ 5.121138700842827, 43.970949306714459 ], [ 5.121055566187132, 43.970993234033848 ], [ 5.120955467489442, 43.971016783534971 ], [ 5.120863988236652, 43.971037464803835 ], [ 5.12077357980289, 43.971086934836187 ], [ 5.120680813655116, 43.971140051735617 ], [ 5.120612526466311, 43.971180989756995 ], [ 5.120540903594565, 43.97123279605146 ], [ 5.120469990933904, 43.971270183712292 ], [ 5.120383686970913, 43.971329477099431 ], [ 5.120298126672285, 43.971375251484027 ], [ 5.120211353980316, 43.971421949616712 ], [ 5.12010225866621, 43.971471781536998 ], [ 5.120015192521873, 43.971477071378793 ], [ 5.11999458409019, 43.971492776175694 ], [ 5.119916757147143, 43.971578913795135 ], [ 5.119845943999466, 43.97161900001413 ], [ 5.11977160237535, 43.971631245295384 ], [ 5.11975544150014, 43.971632458990058 ], [ 5.119582487464507, 43.971641214594086 ], [ 5.119560164887142, 43.971644348338906 ], [ 5.11950070489305, 43.971654504273438 ], [ 5.119441579322884, 43.971673656695309 ], [ 5.11937390920958, 43.971664165138364 ], [ 5.119316739943192, 43.971668874755622 ], [ 5.119293430801649, 43.97171254109071 ], [ 5.119306013413263, 43.971749209457542 ], [ 5.11927466139139, 43.97177772661685 ], [ 5.119251251848335, 43.971818693989427 ], [ 5.119261978405466, 43.971872504056513 ], [ 5.119293547866235, 43.971916907024372 ], [ 5.119314440936922, 43.971975921787589 ], [ 5.119304057123353, 43.97203194174228 ], [ 5.119258257850404, 43.972074243506761 ], [ 5.119180036137585, 43.97211627351858 ], [ 5.119123602076693, 43.972140775386308 ], [ 5.119120032089233, 43.972145346097363 ], [ 5.11910807639434, 43.972159082379555 ], [ 5.119137020673752, 43.972199935089982 ], [ 5.119125098411346, 43.972214571026818 ], [ 5.119090510440033, 43.972256655376057 ], [ 5.119022521716905, 43.972305689302516 ], [ 5.118973720441112, 43.972367855754513 ], [ 5.118944541324316, 43.972454850241895 ], [ 5.118901433537004, 43.972502501486893 ], [ 5.118852331039099, 43.972556571018458 ], [ 5.118850223558134, 43.972634037731382 ], [ 5.118865966289199, 43.972688650928347 ], [ 5.118803802064652, 43.972995057862121 ], [ 5.118768344080781, 43.973013751153992 ], [ 5.118732777085767, 43.973063056778557 ], [ 5.118711180750799, 43.973119294020506 ], [ 5.118707325797991, 43.973183290106427 ], [ 5.118679366894405, 43.973236049459437 ], [ 5.118637303452185, 43.973278278558851 ], [ 5.118594194785667, 43.973325929705489 ], [ 5.118569981756004, 43.973345305294586 ], [ 5.118522767972385, 43.973383132661148 ], [ 5.118485052155158, 43.973408171723442 ], [ 5.118482660933097, 43.973410918968099 ], [ 5.118444601927769, 43.973460272795407 ], [ 5.118408356913408, 43.973524896574297 ], [ 5.118399317975676, 43.973583591311538 ], [ 5.118401457446153, 43.973641169122445 ], [ 5.11841009317147, 43.973705823453393 ], [ 5.118411096054968, 43.973732813053843 ], [ 5.118487930354027, 43.973854665318662 ], [ 5.118356344918839, 43.974003964439561 ], [ 5.118340517626189, 43.974014174461914 ], [ 5.118176249508681, 43.974122692833916 ], [ 5.118094687965168, 43.974175590380305 ], [ 5.118064822823523, 43.974177069345821 ], [ 5.117996104734202, 43.974172998982276 ], [ 5.117928799538745, 43.974173402707969 ], [ 5.117868625581928, 43.974197976365971 ], [ 5.117827940287096, 43.974243779657151 ], [ 5.117803115815249, 43.974280272644307 ], [ 5.117754387616393, 43.974310926603685 ], [ 5.117679507341392, 43.974308776019832 ], [ 5.117616550162089, 43.974291989595912 ], [ 5.117552103954855, 43.974302241017071 ], [ 5.117533508167877, 43.974338613284189 ], [ 5.117549550854817, 43.974401323610444 ], [ 5.117541045552835, 43.974474412770604 ], [ 5.117543208225718, 43.974566201613712 ], [ 5.117545036742118, 43.974648993920638 ], [ 5.117556764718248, 43.97472979386739 ], [ 5.117576268205908, 43.9748185459109 ], [ 5.117596139344541, 43.974917194151942 ], [ 5.117607600107998, 43.97499079687168 ], [ 5.117524118526447, 43.975159870088859 ], [ 5.117441867713731, 43.975261396781683 ], [ 5.117452526380482, 43.9753134078248 ], [ 5.117476521292267, 43.975355257227392 ], [ 5.117532530082636, 43.975419894352996 ], [ 5.117574668087285, 43.975480298635411 ], [ 5.117615125944035, 43.975529031527429 ], [ 5.117646896657702, 43.975578832992291 ], [ 5.117665097241663, 43.975632498534701 ], [ 5.117666166644113, 43.975661287481294 ], [ 5.117647193562378, 43.975721074949682 ], [ 5.117602502234125, 43.975759753359426 ], [ 5.11753646500348, 43.97579434372139 ], [ 5.117479959764248, 43.97581704548363 ], [ 5.117487659121879, 43.975856509635896 ], [ 5.116563838775151, 43.975990538996619 ], [ 5.115870667558784, 43.976091286843925 ], [ 5.115843372412113, 43.976162038668583 ], [ 5.115817433576306, 43.976202153979749 ], [ 5.115792385820033, 43.976299871348346 ], [ 5.11578263216002, 43.976372984564115 ], [ 5.115729577195085, 43.976555872347937 ], [ 5.11564679938233, 43.976710525682194 ], [ 5.115483992214138, 43.977161126413314 ], [ 5.115377810348545, 43.977424268719389 ], [ 5.11536866752218, 43.977480264370023 ], [ 5.115370770694866, 43.977536942713989 ], [ 5.115395845420033, 43.977675104067096 ], [ 5.115442913196813, 43.977901969792576 ], [ 5.115482729297776, 43.978168589175368 ], [ 5.1154918982231, 43.978348472279976 ], [ 5.115472589721969, 43.978500096774049 ], [ 5.115418440696068, 43.97861998454664 ], [ 5.115255044360527, 43.978786100968144 ], [ 5.115210104589268, 43.978851792284026 ], [ 5.115179069665951, 43.978922616371989 ], [ 5.115126521897851, 43.979085687571164 ], [ 5.115087511670365, 43.979243995331395 ], [ 5.115075164688226, 43.979314457844787 ], [ 5.115075677123997, 43.979395475209891 ], [ 5.115076547746403, 43.979721368127095 ], [ 5.115064646311297, 43.979871048731049 ], [ 5.115058995992271, 43.979953985956001 ], [ 5.115037260747354, 43.980107458036748 ], [ 5.114868709609142, 43.980470840126209 ], [ 5.114864693905549, 43.980497026612817 ], [ 5.114863950264503, 43.980813047601359 ], [ 5.114852871528949, 43.981018531187893 ], [ 5.11482833163054, 43.981096432024451 ], [ 5.114815405541029, 43.981184911851607 ], [ 5.114815205728942, 43.98128034794059 ], [ 5.114831914928356, 43.981361052086065 ], [ 5.114865155093433, 43.981450439499483 ], [ 5.11490473610128, 43.981509093907583 ], [ 5.115007337514269, 43.981619647120986 ], [ 5.11504547256095, 43.981672927635756 ], [ 5.115067367147927, 43.981859767373464 ], [ 5.115095824485977, 43.981954649109497 ], [ 5.115178247469331, 43.982092601720424 ], [ 5.115186614858814, 43.982250893448004 ], [ 5.115202857493992, 43.982319002358658 ], [ 5.115244653558751, 43.982403722674299 ], [ 5.115266702794298, 43.982426704003345 ], [ 5.115095139004672, 43.982406615268729 ], [ 5.115029748498301, 43.982391674802599 ], [ 5.114878998385584, 43.982260445620561 ], [ 5.114763458294428, 43.982170849503845 ], [ 5.11458129371527, 43.982033025161222 ], [ 5.114490328559441, 43.981967261686187 ], [ 5.11440456977086, 43.981941010838582 ], [ 5.1140378062708, 43.981902187817028 ], [ 5.113875910567519, 43.981974641587968 ], [ 5.113839099351035, 43.981990658491547 ], [ 5.113645810893939, 43.981989893942206 ], [ 5.113592480404926, 43.981963915834548 ], [ 5.113542120578463, 43.981917173282554 ], [ 5.113472904898249, 43.981866293698921 ], [ 5.113348357867767, 43.981735456304804 ], [ 5.113253194804881, 43.981926359582303 ], [ 5.113126363976581, 43.981498465861506 ], [ 5.113108511268009, 43.98142048450741 ], [ 5.113077820447338, 43.981366159179643 ], [ 5.112808880668918, 43.981611737894866 ], [ 5.112766606629482, 43.981648566985385 ], [ 5.112556781632883, 43.981840785063731 ], [ 5.112365044335796, 43.982016447796099 ], [ 5.111799359734306, 43.98253154597154 ], [ 5.111253000640668, 43.983030062523412 ], [ 5.111150491868856, 43.983123872965344 ], [ 5.111107069623391, 43.98316342448711 ], [ 5.110894774819127, 43.983356587322582 ], [ 5.110902470636784, 43.983396052110528 ], [ 5.110901524828884, 43.983572529950649 ], [ 5.110896880853836, 43.983649145455807 ], [ 5.110876672069822, 43.98374316725036 ], [ 5.110842990565811, 43.983843751286052 ], [ 5.110794703539554, 43.983920309077831 ], [ 5.11073580212084, 43.984013277241139 ], [ 5.110704192493218, 43.984068806031821 ], [ 5.110557137704138, 43.984306624255503 ], [ 5.110087540789312, 43.985026928654946 ], [ 5.110071062422424, 43.985053355504519 ], [ 5.10972627316566, 43.985574983278767 ], [ 5.109491432423429, 43.985934234510339 ], [ 5.109466697411793, 43.985973424838711 ], [ 5.109215027085543, 43.986383417267042 ], [ 5.10836988169756, 43.987671848544437 ], [ 5.1083105731091, 43.987754019638018 ], [ 5.107931120637006, 43.988148466921039 ], [ 5.107907130593419, 43.988174137963156 ], [ 5.107875881892486, 43.988239562374645 ], [ 5.107869470073006, 43.988268495757907 ], [ 5.107852460579673, 43.988348050551593 ], [ 5.107854142378751, 43.988427245022578 ], [ 5.107868651082298, 43.988516095586249 ], [ 5.107975656872574, 43.989015503046389 ], [ 5.10803316906693, 43.989188153339256 ], [ 5.108083589349162, 43.989405055356947 ], [ 5.108112737630213, 43.98951883228159 ], [ 5.108159453431343, 43.989736706044297 ], [ 5.108159937721464, 43.989783512639853 ], [ 5.108161460697884, 43.98999325468305 ], [ 5.108153040864882, 43.990069042765761 ], [ 5.108119598644481, 43.990142612353608 ], [ 5.108052248084952, 43.990277156196285 ], [ 5.107864095271561, 43.990550875401361 ], [ 5.107576119084052, 43.990890440147375 ], [ 5.107226699207052, 43.991322119230858 ], [ 5.107043621175264, 43.991530917147102 ], [ 5.106895915563242, 43.991718326151094 ], [ 5.106841554020346, 43.991867023921827 ], [ 5.106817632346057, 43.992029540106564 ], [ 5.106798049609903, 43.992275701276981 ], [ 5.106791626896565, 43.992540515383112 ], [ 5.106784122308254, 43.992742328844152 ], [ 5.10676317186683, 43.992816557700884 ], [ 5.106734345169679, 43.99288013460859 ], [ 5.106708724877095, 43.99292924481459 ], [ 5.10657098407983, 43.993116461460389 ], [ 5.106438923949067, 43.993254951892645 ], [ 5.106101443206754, 43.993605369838342 ], [ 5.105936581417528, 43.993801210801706 ], [ 5.105896337956965, 43.993859605517443 ], [ 5.105857307380962, 43.993917076553672 ], [ 5.105787970217472, 43.994099373681514 ], [ 5.10577680523653, 43.994202223789614 ], [ 5.105781210183978, 43.994355191326619 ], [ 5.105790632551146, 43.994441439457383 ], [ 5.105818366392062, 43.994550742981097 ], [ 5.105883688293466, 43.994799770748735 ], [ 5.105927459078357, 43.995039310161609 ], [ 5.105924357410713, 43.995461614606931 ], [ 5.105931823235028, 43.995832398043412 ], [ 5.105966454216898, 43.995959574991033 ], [ 5.105741462809702, 43.99587837828637 ], [ 5.105476641671757, 43.995765536890815 ], [ 5.105288806552669, 43.995677321736061 ], [ 5.105148877628182, 43.995974416451496 ], [ 5.105135052484011, 43.996005293086554 ], [ 5.104988142839722, 43.99631602663375 ], [ 5.104546434098288, 43.996310123190696 ], [ 5.103836283934879, 43.997579718373075 ], [ 5.104224922923175, 43.997836932017449 ], [ 5.104452444874228, 43.997986506866063 ], [ 5.105885584847766, 43.998934855214998 ], [ 5.106679571237462, 43.999461550273061 ], [ 5.108332683220077, 44.000555083037916 ], [ 5.108707286614958, 44.00080264911908 ], [ 5.109473138936457, 44.001309160730266 ], [ 5.110524828328211, 44.001315879805752 ], [ 5.111418095670315, 44.001322046139478 ], [ 5.111599019297834, 44.001323954950571 ], [ 5.11188002248539, 44.001502193028529 ], [ 5.111950273556882, 44.001546752438067 ], [ 5.112242763133107, 44.00173197034821 ], [ 5.112820202955524, 44.002100749012669 ], [ 5.112972192528715, 44.002196847247752 ], [ 5.113119096965427, 44.002290342595231 ], [ 5.11346268454307, 44.00250788182116 ], [ 5.113579410102123, 44.002594757263118 ], [ 5.116770994216733, 44.001379728072834 ], [ 5.116956989981731, 44.001316707173103 ], [ 5.117750273517232, 44.00098173703072 ], [ 5.118281987596972, 44.000757164557484 ], [ 5.118683885171819, 44.000496390877771 ], [ 5.118937204393882, 44.000332127296574 ], [ 5.119263629704573, 44.000121430718607 ], [ 5.120561895844602, 43.99928057925225 ], [ 5.120583031564008, 43.999211745473701 ], [ 5.120674925447527, 43.99889935487591 ], [ 5.12068791341872, 43.998812672785689 ], [ 5.120691757034728, 43.998647840631691 ], [ 5.120698361076603, 43.998490157480802 ], [ 5.120771908515489, 43.998120502534583 ], [ 5.120854342740101, 43.997621029983065 ], [ 5.12088854667402, 43.997400689953253 ], [ 5.120881132211358, 43.997268487561463 ], [ 5.120869420927047, 43.997221898353033 ], [ 5.120801683204451, 43.997077361146516 ], [ 5.121419736085361, 43.996895213943255 ], [ 5.121955156266526, 43.996738074792226 ] ] ] ] } }
]
}
